STATION,DATE,TMIN
GHCND:USC00280907,20100102,28
GHCND:USC00280907,20100103,17
GHCND:USC00280907,20100104,18
GHCND:USC00280907,20100105,19
GHCND:USC00280907,20100107,28
GHCND:USC00280907,20100108,28
GHCND:USC00280907,20100109,19
GHCND:USC00280907,20100110,12
GHCND:USC00280907,20100111,13
GHCND:USC00280907,20100112,17
GHCND:USC00280907,20100113,22
GHCND:USC00280907,20100114,21
GHCND:USC00280907,20100115,20
GHCND:USC00280907,20100116,29
GHCND:USC00280907,20100117,28
GHCND:USC00280907,20100118,30
GHCND:USC00280907,20100119,30
GHCND:USC00280907,20100120,27
GHCND:USC00280907,20100121,25
GHCND:USC00280907,20100122,24
GHCND:USC00280907,20100123,26
GHCND:USC00280907,20100124,24
GHCND:USC00280907,20100125,27
GHCND:USC00280907,20100126,35
GHCND:USC00280907,20100127,28
GHCND:USC00280907,20100128,27
GHCND:USC00280907,20100129,15
GHCND:USC00280907,20100130,12
GHCND:USC00280907,20100131,12
GHCND:USC00280907,20100201,12
GHCND:USC00280907,20100202,21
GHCND:USC00280907,20100203,21
GHCND:USC00280907,20100204,26
GHCND:USC00280907,20100206,26
GHCND:USC00280907,20100207,15
GHCND:USC00280907,20100208,16
GHCND:USC00280907,20100209,22
GHCND:USC00280907,20100210,27
GHCND:USC00280907,20100211,27
GHCND:USC00280907,20100212,25
GHCND:USC00280907,20100213,24
GHCND:USC00280907,20100214,24
GHCND:USC00280907,20100215,25
GHCND:USC00280907,20100216,26
GHCND:USC00280907,20100217,21
GHCND:USC00280907,20100218,21
GHCND:USC00280907,20100219,33
GHCND:USC00280907,20100220,35
GHCND:USC00280907,20100221,30
GHCND:USC00280907,20100224,34
GHCND:USC00280907,20100225,33
GHCND:USC00280907,20100227,28
GHCND:USC00280907,20100228,28
GHCND:USC00280907,20100301,29
GHCND:USC00280907,20100302,31
GHCND:USC00280907,20100303,31
GHCND:USC00280907,20100304,34
GHCND:USC00280907,20100305,34
GHCND:USC00280907,20100306,28
GHCND:USC00280907,20100307,29
GHCND:USC00280907,20100308,35
GHCND:USC00280907,20100309,36
GHCND:USC00280907,20100311,34
GHCND:USC00280907,20100313,40
GHCND:USC00280907,20100314,41
GHCND:USC00280907,20100315,41
GHCND:USC00280907,20100316,41
GHCND:USC00280907,20100317,33
GHCND:USC00280907,20100318,33
GHCND:USC00280907,20100319,34
GHCND:USC00280907,20100320,38
GHCND:USC00280907,20100321,43
GHCND:USC00280907,20100322,44
GHCND:USC00280907,20100323,51
GHCND:USC00280907,20100324,42
GHCND:USC00280907,20100326,35
GHCND:USC00280907,20100327,26
GHCND:USC00280907,20100328,26
GHCND:USC00280907,20100329,30
GHCND:USC00280907,20100330,43
GHCND:USC00280907,20100331,40
GHCND:USC00280907,20100401,42
GHCND:USC00280907,20100402,41
GHCND:USC00280907,20100403,43
GHCND:USC00280907,20100404,47
GHCND:USC00280907,20100405,45
GHCND:USC00280907,20100407,54
GHCND:USC00280907,20100408,55
GHCND:USC00280907,20100409,56
GHCND:USC00280907,20100410,42
GHCND:USC00280907,20100411,42
GHCND:USC00280907,20100412,42
GHCND:USC00280907,20100413,43
GHCND:USC00280907,20100414,36
GHCND:USC00280907,20100415,37
GHCND:USC00280907,20100416,45
GHCND:USC00280907,20100417,46
GHCND:USC00280907,20100418,41
GHCND:USC00280907,20100419,41
GHCND:USC00280907,20100420,42
GHCND:USC00280907,20100421,44
GHCND:USC00280907,20100422,44
GHCND:USC00280907,20100423,43
GHCND:USC00280907,20100424,40
GHCND:USC00280907,20100425,41
GHCND:USC00280907,20100426,45
GHCND:USC00280907,20100427,47
GHCND:USC00280907,20100428,34
GHCND:USC00280907,20100429,41
GHCND:USC00280907,20100430,45
GHCND:USC00280907,20100501,51
GHCND:USC00280907,20100503,64
GHCND:USC00280907,20100504,59
GHCND:USC00280907,20100505,50
GHCND:USC00280907,20100506,52
GHCND:USC00280907,20100507,49
GHCND:USC00280907,20100508,49
GHCND:USC00280907,20100509,44
GHCND:USC00280907,20100510,40
GHCND:USC00280907,20100511,37
GHCND:USC00280907,20100512,39
GHCND:USC00280907,20100513,39
GHCND:USC00280907,20100514,40
GHCND:USC00280907,20100515,58
GHCND:USC00280907,20100516,58
GHCND:USC00280907,20100517,49
GHCND:USC00280907,20100518,48
GHCND:USC00280907,20100519,50
GHCND:USC00280907,20100520,53
GHCND:USC00280907,20100521,53
GHCND:USC00280907,20100522,56
GHCND:USC00280907,20100523,57
GHCND:USC00280907,20100524,60
GHCND:USC00280907,20100525,58
GHCND:USC00280907,20100526,61
GHCND:USC00280907,20100527,62
GHCND:USC00280907,20100528,55
GHCND:USC00280907,20100529,57
GHCND:USC00280907,20100530,62
GHCND:USC00280907,20100531,61
GHCND:USC00280907,20100601,64
GHCND:USC00280907,20100602,61
GHCND:USC00280907,20100603,64
GHCND:USC00280907,20100604,66
GHCND:USC00280907,20100605,68
GHCND:USC00280907,20100606,73
GHCND:USC00280907,20100607,55
GHCND:USC00280907,20100608,54
GHCND:USC00280907,20100609,47
GHCND:USC00280907,20100610,50
GHCND:USC00280907,20100611,53
GHCND:USC00280907,20100612,56
GHCND:USC00280907,20100613,61
GHCND:USC00280907,20100614,65
GHCND:USC00280907,20100615,61
GHCND:USC00280907,20100616,59
GHCND:USC00280907,20100617,60
GHCND:USC00280907,20100618,57
GHCND:USC00280907,20100619,55
GHCND:USC00280907,20100620,56
GHCND:USC00280907,20100621,67
GHCND:USC00280907,20100622,65
GHCND:USC00280907,20100623,67
GHCND:USC00280907,20100624,70
GHCND:USC00280907,20100625,67
GHCND:USC00280907,20100626,70
GHCND:USC00280907,20100627,65
GHCND:USC00280907,20100628,68
GHCND:USC00280907,20100629,71
GHCND:USC00280907,20100630,57
GHCND:USC00280907,20100701,57
GHCND:USC00280907,20100702,58
GHCND:USC00280907,20100703,56
GHCND:USC00280907,20100704,58
GHCND:USC00280907,20100705,67
GHCND:USC00280907,20100706,70
GHCND:USC00280907,20100707,76
GHCND:USC00280907,20100708,72
GHCND:USC00280907,20100709,71
GHCND:USC00280907,20100710,73
GHCND:USC00280907,20100711,66
GHCND:USC00280907,20100712,63
GHCND:USC00280907,20100713,67
GHCND:USC00280907,20100714,70
GHCND:USC00280907,20100715,71
GHCND:USC00280907,20100716,71
GHCND:USC00280907,20100717,73
GHCND:USC00280907,20100718,71
GHCND:USC00280907,20100719,68
GHCND:USC00280907,20100720,69
GHCND:USC00280907,20100721,70
GHCND:USC00280907,20100722,69
GHCND:USC00280907,20100723,69
GHCND:USC00280907,20100724,69
GHCND:USC00280907,20100725,79
GHCND:USC00280907,20100726,61
GHCND:USC00280907,20100727,61
GHCND:USC00280907,20100728,63
GHCND:USC00280907,20100729,65
GHCND:USC00280907,20100730,60
GHCND:USC00280907,20100731,59
GHCND:USC00280907,20100801,61
GHCND:USC00280907,20100802,63
GHCND:USC00280907,20100803,65
GHCND:USC00280907,20100804,70
GHCND:USC00280907,20100805,73
GHCND:USC00280907,20100806,71
GHCND:USC00280907,20100807,60
GHCND:USC00280907,20100808,63
GHCND:USC00280907,20100809,65
GHCND:USC00280907,20100810,68
GHCND:USC00280907,20100811,70
GHCND:USC00280907,20100812,70
GHCND:USC00280907,20100813,66
GHCND:USC00280907,20100814,60
GHCND:USC00280907,20100815,62
GHCND:USC00280907,20100816,64
GHCND:USC00280907,20100817,69
GHCND:USC00280907,20100818,63
GHCND:USC00280907,20100819,59
GHCND:USC00280907,20100820,59
GHCND:USC00280907,20100821,57
GHCND:USC00280907,20100822,60
GHCND:USC00280907,20100823,66
GHCND:USC00280907,20100824,62
GHCND:USC00280907,20100825,60
GHCND:USC00280907,20100826,60
GHCND:USC00280907,20100827,54
GHCND:USC00280907,20100828,54
GHCND:USC00280907,20100829,57
GHCND:USC00280907,20100830,57
GHCND:USC00280907,20100831,65
GHCND:USC00280907,20100901,69
GHCND:USC00280907,20100902,69
GHCND:USC00280907,20100903,69
GHCND:USC00280907,20100904,67
GHCND:USC00280907,20100905,50
GHCND:USC00280907,20100906,49
GHCND:USC00280907,20100907,49
GHCND:USC00280907,20100908,64
GHCND:USC00280907,20100909,60
GHCND:USC00280907,20100910,59
GHCND:USC00280907,20100911,55
GHCND:USC00280907,20100912,56
GHCND:USC00280907,20100913,57
GHCND:USC00280907,20100914,49
GHCND:USC00280907,20100915,49
GHCND:USC00280907,20100916,47
GHCND:USC00280907,20100917,47
GHCND:USC00280907,20100919,54
GHCND:USC00280907,20100920,54
GHCND:USC00280907,20100921,45
GHCND:USC00280907,20100922,45
GHCND:USC00280907,20100923,56
GHCND:USC00280907,20100924,62
GHCND:USC00280907,20100925,65
GHCND:USC00280907,20100926,57
GHCND:USC00280907,20100927,57
GHCND:USC00280907,20100928,60
GHCND:USC00280907,20100929,57
GHCND:USC00280907,20100930,57
GHCND:USC00280907,20101001,60
GHCND:USC00280907,20101002,48
GHCND:USC00280907,20101003,47
GHCND:USC00280907,20101004,46
GHCND:USC00280907,20101005,50
GHCND:USC00280907,20101006,53
GHCND:USC00280907,20101007,49
GHCND:USC00280907,20101008,50
GHCND:USC00280907,20101009,49
GHCND:USC00280907,20101010,39
GHCND:USC00280907,20101011,38
GHCND:USC00280907,20101012,52
GHCND:USC00280907,20101013,39
GHCND:USC00280907,20101014,38
GHCND:USC00280907,20101015,38
GHCND:USC00280907,20101016,49
GHCND:USC00280907,20101017,47
GHCND:USC00280907,20101018,41
GHCND:USC00280907,20101019,41
GHCND:USC00280907,20101020,37
GHCND:USC00280907,20101021,38
GHCND:USC00280907,20101022,41
GHCND:USC00280907,20101023,34
GHCND:USC00280907,20101024,38
GHCND:USC00280907,20101025,48
GHCND:USC00280907,20101026,54
GHCND:USC00280907,20101027,59
GHCND:USC00280907,20101028,53
GHCND:USC00280907,20101029,44
GHCND:USC00280907,20101030,39
GHCND:USC00280907,20101031,39
GHCND:USC00280907,20101101,35
GHCND:USC00280907,20101102,31
GHCND:USC00280907,20101103,28
GHCND:USC00280907,20101104,28
GHCND:USC00280907,20101105,44
GHCND:USC00280907,20101106,33
GHCND:USC00280907,20101107,34
GHCND:USC00280907,20101108,34
GHCND:USC00280907,20101110,42
GHCND:USC00280907,20101111,40
GHCND:USC00280907,20101112,38
GHCND:USC00280907,20101113,32
GHCND:USC00280907,20101114,32
GHCND:USC00280907,20101115,32
GHCND:USC00280907,20101116,49
GHCND:USC00280907,20101117,50
GHCND:USC00280907,20101118,36
GHCND:USC00280907,20101119,37
GHCND:USC00280907,20101120,28
GHCND:USC00280907,20101121,31
GHCND:USC00280907,20101122,31
GHCND:USC00280907,20101123,41
GHCND:USC00280907,20101124,39
GHCND:USC00280907,20101125,36
GHCND:USC00280907,20101126,36
GHCND:USC00280907,20101127,33
GHCND:USC00280907,20101128,28
GHCND:USC00280907,20101129,25
GHCND:USC00280907,20101130,25
GHCND:USC00280907,20101201,42
GHCND:USC00280907,20101202,32
GHCND:USC00280907,20101203,30
GHCND:USC00280907,20101204,31
GHCND:USC00280907,20101205,29
GHCND:USC00280907,20101206,29
GHCND:USC00280907,20101207,31
GHCND:USC00280907,20101208,28
GHCND:USC00280907,20101209,18
GHCND:USC00280907,20101210,14
GHCND:USC00280907,20101211,18
GHCND:USC00280907,20101212,24
GHCND:USC00280907,20101213,41
GHCND:USC00280907,20101214,19
GHCND:USC00280907,20101215,19
GHCND:USC00280907,20101216,21
GHCND:USC00280907,20101217,15
GHCND:USC00280907,20101218,21
GHCND:USC00280907,20101219,20
GHCND:USC00280907,20101220,21
GHCND:USC00280907,20101221,20
GHCND:USC00280907,20101222,25
GHCND:USC00280907,20101223,28
GHCND:USC00280907,20101224,28
GHCND:USC00280907,20101225,21
GHCND:USC00280907,20101226,21
GHCND:USC00280907,20101227,21
GHCND:USC00280907,20101228,21
GHCND:USC00280907,20101229,23
GHCND:USC00280907,20101230,14
GHCND:USC00280907,20101231,15
GHCND:USC00280907,20110101,26
GHCND:USC00280907,20110102,29
GHCND:USC00280907,20110103,27
GHCND:USC00280907,20110104,20
GHCND:USC00280907,20110105,22
GHCND:USC00280907,20110106,17
GHCND:USC00280907,20110107,18
GHCND:USC00280907,20110108,9
GHCND:USC00280907,20110109,15
GHCND:USC00280907,20110110,23
GHCND:USC00280907,20110111,15
GHCND:USC00280907,20110112,16
GHCND:USC00280907,20110113,22
GHCND:USC00280907,20110114,9
GHCND:USC00280907,20110115,10
GHCND:USC00280907,20110116,13
GHCND:USC00280907,20110117,18
GHCND:USC00280907,20110118,18
GHCND:USC00280907,20110119,29
GHCND:USC00280907,20110120,31
GHCND:USC00280907,20110121,25
GHCND:USC00280907,20110122,8
GHCND:USC00280907,20110123,1
GHCND:USC00280907,20110124,2
GHCND:USC00280907,20110125,0
GHCND:USC00280907,20110126,20
GHCND:USC00280907,20110127,28
GHCND:USC00280907,20110128,15
GHCND:USC00280907,20110129,16
GHCND:USC00280907,20110130,19
GHCND:USC00280907,20110131,12
GHCND:USC00280907,20110201,16
GHCND:USC00280907,20110202,23
GHCND:USC00280907,20110203,25
GHCND:USC00280907,20110204,12
GHCND:USC00280907,20110205,12
GHCND:USC00280907,20110206,26
GHCND:USC00280907,20110207,28
GHCND:USC00280907,20110208,28
GHCND:USC00280907,20110209,12
GHCND:USC00280907,20110210,13
GHCND:USC00280907,20110211,6
GHCND:USC00280907,20110212,6
GHCND:USC00280907,20110213,19
GHCND:USC00280907,20110214,21
GHCND:USC00280907,20110215,25
GHCND:USC00280907,20110216,20
GHCND:USC00280907,20110217,22
GHCND:USC00280907,20110218,36
GHCND:USC00280907,20110219,37
GHCND:USC00280907,20110220,20
GHCND:USC00280907,20110221,20
GHCND:USC00280907,20110222,15
GHCND:USC00280907,20110223,10
GHCND:USC00280907,20110224,10
GHCND:USC00280907,20110225,15
GHCND:USC00280907,20110226,30
GHCND:USC00280907,20110227,29
GHCND:USC00280907,20110228,33
GHCND:USC00280907,20110301,32
GHCND:USC00280907,20110302,28
GHCND:USC00280907,20110303,18
GHCND:USC00280907,20110304,18
GHCND:USC00280907,20110305,21
GHCND:USC00280907,20110306,40
GHCND:USC00280907,20110307,32
GHCND:USC00280907,20110308,26
GHCND:USC00280907,20110309,26
GHCND:USC00280907,20110310,31
GHCND:USC00280907,20110311,37
GHCND:USC00280907,20110312,37
GHCND:USC00280907,20110313,39
GHCND:USC00280907,20110314,38
GHCND:USC00280907,20110315,26
GHCND:USC00280907,20110316,27
GHCND:USC00280907,20110317,36
GHCND:USC00280907,20110318,42
GHCND:USC00280907,20110319,44
GHCND:USC00280907,20110320,30
GHCND:USC00280907,20110321,30
GHCND:USC00280907,20110322,33
GHCND:USC00280907,20110323,33
GHCND:USC00280907,20110324,29
GHCND:USC00280907,20110325,27
GHCND:USC00280907,20110326,25
GHCND:USC00280907,20110327,25
GHCND:USC00280907,20110328,25
GHCND:USC00280907,20110329,25
GHCND:USC00280907,20110330,30
GHCND:USC00280907,20110331,31
GHCND:USC00280907,20110401,36
GHCND:USC00280907,20110402,36
GHCND:USC00280907,20110403,40
GHCND:USC00280907,20110404,41
GHCND:USC00280907,20110405,43
GHCND:USC00280907,20110406,36
GHCND:USC00280907,20110407,37
GHCND:USC00280907,20110408,35
GHCND:USC00280907,20110409,35
GHCND:USC00280907,20110410,35
GHCND:USC00280907,20110411,45
GHCND:USC00280907,20110412,50
GHCND:USC00280907,20110413,43
GHCND:USC00280907,20110414,43
GHCND:USC00280907,20110415,44
GHCND:USC00280907,20110416,39
GHCND:USC00280907,20110417,41
GHCND:USC00280907,20110418,38
GHCND:USC00280907,20110419,40
GHCND:USC00280907,20110420,44
GHCND:USC00280907,20110421,44
GHCND:USC00280907,20110422,33
GHCND:USC00280907,20110423,37
GHCND:USC00280907,20110424,45
GHCND:USC00280907,20110425,57
GHCND:USC00280907,20110426,56
GHCND:USC00280907,20110427,57
GHCND:USC00280907,20110428,64
GHCND:USC00280907,20110429,48
GHCND:USC00280907,20110430,48
GHCND:USC00280907,20110502,46
GHCND:USC00280907,20110503,52
GHCND:USC00280907,20110504,56
GHCND:USC00280907,20110505,46
GHCND:USC00280907,20110506,38
GHCND:USC00280907,20110507,43
GHCND:USC00280907,20110508,47
GHCND:USC00280907,20110509,50
GHCND:USC00280907,20110510,52
GHCND:USC00280907,20110511,45
GHCND:USC00280907,20110512,47
GHCND:USC00280907,20110513,49
GHCND:USC00280907,20110514,54
GHCND:USC00280907,20110516,58
GHCND:USC00280907,20110517,54
GHCND:USC00280907,20110518,53
GHCND:USC00280907,20110519,57
GHCND:USC00280907,20110520,55
GHCND:USC00280907,20110521,50
GHCND:USC00280907,20110522,53
GHCND:USC00280907,20110523,54
GHCND:USC00280907,20110524,56
GHCND:USC00280907,20110525,60
GHCND:USC00280907,20110526,59
GHCND:USC00280907,20110527,62
GHCND:USC00280907,20110528,65
GHCND:USC00280907,20110529,66
GHCND:USC00280907,20110530,68
GHCND:USC00280907,20110531,67
GHCND:USC00280907,20110601,66
GHCND:USC00280907,20110602,68
GHCND:USC00280907,20110603,55
GHCND:USC00280907,20110604,54
GHCND:USC00280907,20110605,56
GHCND:USC00280907,20110606,55
GHCND:USC00280907,20110607,58
GHCND:USC00280907,20110608,64
GHCND:USC00280907,20110610,66
GHCND:USC00280907,20110611,66
GHCND:USC00280907,20110612,59
GHCND:USC00280907,20110613,59
GHCND:USC00280907,20110614,55
GHCND:USC00280907,20110615,54
GHCND:USC00280907,20110616,56
GHCND:USC00280907,20110617,59
GHCND:USC00280907,20110618,62
GHCND:USC00280907,20110619,64
GHCND:USC00280907,20110620,61
GHCND:USC00280907,20110621,66
GHCND:USC00280907,20110622,66
GHCND:USC00280907,20110623,68
GHCND:USC00280907,20110624,65
GHCND:USC00280907,20110625,61
GHCND:USC00280907,20110626,61
GHCND:USC00280907,20110627,60
GHCND:USC00280907,20110628,66
GHCND:USC00280907,20110629,68
GHCND:USC00280907,20110630,62
GHCND:USC00280907,20110701,56
GHCND:USC00280907,20110702,58
GHCND:USC00280907,20110703,62
GHCND:USC00280907,20110704,67
GHCND:USC00280907,20110705,62
GHCND:USC00280907,20110706,63
GHCND:USC00280907,20110707,65
GHCND:USC00280907,20110708,70
GHCND:USC00280907,20110709,67
GHCND:USC00280907,20110710,60
GHCND:USC00280907,20110711,63
GHCND:USC00280907,20110712,67
GHCND:USC00280907,20110713,72
GHCND:USC00280907,20110714,63
GHCND:USC00280907,20110715,62
GHCND:USC00280907,20110716,62
GHCND:USC00280907,20110717,62
GHCND:USC00280907,20110718,63
GHCND:USC00280907,20110719,74
GHCND:USC00280907,20110720,68
GHCND:USC00280907,20110721,72
GHCND:USC00280907,20110722,77
GHCND:USC00280907,20110723,76
GHCND:USC00280907,20110724,78
GHCND:USC00280907,20110725,73
GHCND:USC00280907,20110726,67
GHCND:USC00280907,20110727,62
GHCND:USC00280907,20110728,63
GHCND:USC00280907,20110729,67
GHCND:USC00280907,20110730,71
GHCND:USC00280907,20110731,63
GHCND:USC00280907,20110801,64
GHCND:USC00280907,20110802,70
GHCND:USC00280907,20110803,63
GHCND:USC00280907,20110804,64
GHCND:USC00280907,20110805,64
GHCND:USC00280907,20110806,64
GHCND:USC00280907,20110807,71
GHCND:USC00280907,20110808,72
GHCND:USC00280907,20110809,66
GHCND:USC00280907,20110810,65
GHCND:USC00280907,20110811,63
GHCND:USC00280907,20110812,57
GHCND:USC00280907,20110813,59
GHCND:USC00280907,20110816,64
GHCND:USC00280907,20110817,63
GHCND:USC00280907,20110818,63
GHCND:USC00280907,20110819,64
GHCND:USC00280907,20110820,60
GHCND:USC00280907,20110821,62
GHCND:USC00280907,20110822,63
GHCND:USC00280907,20110823,57
GHCND:USC00280907,20110824,56
GHCND:USC00280907,20110825,57
GHCND:USC00280907,20110826,67
GHCND:USC00280907,20110827,67
GHCND:USC00280907,20110829,54
GHCND:USC00280907,20110830,64
GHCND:USC00280907,20110831,56
GHCND:USC00280907,20110901,60
GHCND:USC00280907,20110902,59
GHCND:USC00280907,20110903,61
GHCND:USC00280907,20110904,67
GHCND:USC00280907,20110905,70
GHCND:USC00280907,20110906,61
GHCND:USC00280907,20110907,59
GHCND:USC00280907,20110908,60
GHCND:USC00280907,20110909,63
GHCND:USC00280907,20110910,65
GHCND:USC00280907,20110911,62
GHCND:USC00280907,20110912,62
GHCND:USC00280907,20110913,61
GHCND:USC00280907,20110914,61
GHCND:USC00280907,20110915,63
GHCND:USC00280907,20110916,47
GHCND:USC00280907,20110917,42
GHCND:USC00280907,20110918,45
GHCND:USC00280907,20110919,47
GHCND:USC00280907,20110920,47
GHCND:USC00280907,20110921,56
GHCND:USC00280907,20110922,59
GHCND:USC00280907,20110923,67
GHCND:USC00280907,20110924,68
GHCND:USC00280907,20110925,67
GHCND:USC00280907,20110926,64
GHCND:USC00280907,20110927,65
GHCND:USC00280907,20110928,67
GHCND:USC00280907,20110929,68
GHCND:USC00280907,20110930,52
GHCND:USC00280907,20111001,54
GHCND:USC00280907,20111002,47
GHCND:USC00280907,20111003,46
GHCND:USC00280907,20111004,47
GHCND:USC00280907,20111005,50
GHCND:USC00280907,20111006,41
GHCND:USC00280907,20111007,40
GHCND:USC00280907,20111008,40
GHCND:USC00280907,20111009,43
GHCND:USC00280907,20111010,50
GHCND:USC00280907,20111011,52
GHCND:USC00280907,20111012,57
GHCND:USC00280907,20111013,54
GHCND:USC00280907,20111014,57
GHCND:USC00280907,20111015,51
GHCND:USC00280907,20111016,51
GHCND:USC00280907,20111017,52
GHCND:USC00280907,20111018,45
GHCND:USC00280907,20111019,47
GHCND:USC00280907,20111020,56
GHCND:USC00280907,20111021,50
GHCND:USC00280907,20111022,43
GHCND:USC00280907,20111023,41
GHCND:USC00280907,20111024,39
GHCND:USC00280907,20111025,39
GHCND:USC00280907,20111026,41
GHCND:USC00280907,20111027,44
GHCND:USC00280907,20111028,32
GHCND:USC00280907,20111029,31
GHCND:USC00280907,20111030,32
GHCND:USC00280907,20111031,27
GHCND:USC00280907,20111101,27
GHCND:USC00280907,20111102,30
GHCND:USC00280907,20111103,30
GHCND:USC00280907,20111104,32
GHCND:USC00280907,20111105,33
GHCND:USC00280907,20111106,26
GHCND:USC00280907,20111107,26
GHCND:USC00280907,20111108,32
GHCND:USC00280907,20111110,39
GHCND:USC00280907,20111111,41
GHCND:USC00280907,20111112,34
GHCND:USC00280907,20111113,33
GHCND:USC00280907,20111114,33
GHCND:USC00280907,20111115,47
GHCND:USC00280907,20111116,51
GHCND:USC00280907,20111117,44
GHCND:USC00280907,20111118,34
GHCND:USC00280907,20111119,28
GHCND:USC00280907,20111120,30
GHCND:USC00280907,20111121,46
GHCND:USC00280907,20111122,40
GHCND:USC00280907,20111123,41
GHCND:USC00280907,20111124,33
GHCND:USC00280907,20111125,32
GHCND:USC00280907,20111126,36
GHCND:USC00280907,20111127,33
GHCND:USC00280907,20111128,33
GHCND:USC00280907,20111129,46
GHCND:USC00280907,20111130,45
GHCND:USC00280907,20111201,34
GHCND:USC00280907,20111202,27
GHCND:USC00280907,20111203,29
GHCND:USC00280907,20111204,28
GHCND:USC00280907,20111205,31
GHCND:USC00280907,20111206,38
GHCND:USC00280907,20111207,50
GHCND:USC00280907,20111208,34
GHCND:USC00280907,20111209,27
GHCND:USC00280907,20111210,28
GHCND:USC00280907,20111211,21
GHCND:USC00280907,20111212,20
GHCND:USC00280907,20111213,21
GHCND:USC00280907,20111214,23
GHCND:USC00280907,20111215,35
GHCND:USC00280907,20111216,45
GHCND:USC00280907,20111217,31
GHCND:USC00280907,20111218,21
GHCND:USC00280907,20111219,17
GHCND:USC00280907,20111220,18
GHCND:USC00280907,20111221,37
GHCND:USC00280907,20111222,39
GHCND:USC00280907,20111223,44
GHCND:USC00280907,20111224,28
GHCND:USC00280907,20111225,22
GHCND:USC00280907,20111226,27
GHCND:USC00280907,20111227,26
GHCND:USC00280907,20111228,31
GHCND:USC00280907,20111229,23
GHCND:USC00280907,20111230,23
GHCND:USC00280907,20111231,28
GHCND:USC00280907,20120101,33
GHCND:USC00280907,20120102,32
GHCND:USC00280907,20120103,26
GHCND:USC00280907,20120104,11
GHCND:USC00280907,20120105,12
GHCND:USC00280907,20120106,25
GHCND:USC00280907,20120107,26
GHCND:USC00280907,20120108,28
GHCND:USC00280907,20120110,26
GHCND:USC00280907,20120111,24
GHCND:USC00280907,20120112,25
GHCND:USC00280907,20120113,39
GHCND:USC00280907,20120114,27
GHCND:USC00280907,20120115,15
GHCND:USC00280907,20120116,9
GHCND:USC00280907,20120117,10
GHCND:USC00280907,20120118,34
GHCND:USC00280907,20120120,13
GHCND:USC00280907,20120121,20
GHCND:USC00280907,20120122,13
GHCND:USC00280907,20120123,12
GHCND:USC00280907,20120124,32
GHCND:USC00280907,20120125,35
GHCND:USC00280907,20120126,32
GHCND:USC00280907,20120127,33
GHCND:USC00280907,20120128,33
GHCND:USC00280907,20120129,31
GHCND:USC00280907,20120130,31
GHCND:USC00280907,20120131,27
GHCND:USC00280907,20120201,34
GHCND:USC00280907,20120202,33
GHCND:USC00280907,20120203,29
GHCND:USC00280907,20120204,29
GHCND:USC00280907,20120205,30
GHCND:USC00280907,20120206,22
GHCND:USC00280907,20120207,29
GHCND:USC00280907,20120208,28
GHCND:USC00280907,20120209,28
GHCND:USC00280907,20120210,26
GHCND:USC00280907,20120211,26
GHCND:USC00280907,20120212,19
GHCND:USC00280907,20120213,20
GHCND:USC00280907,20120214,27
GHCND:USC00280907,20120215,33
GHCND:USC00280907,20120216,26
GHCND:USC00280907,20120217,31
GHCND:USC00280907,20120218,27
GHCND:USC00280907,20120219,29
GHCND:USC00280907,20120220,30
GHCND:USC00280907,20120221,22
GHCND:USC00280907,20120222,23
GHCND:USC00280907,20120223,37
GHCND:USC00280907,20120224,34
GHCND:USC00280907,20120225,35
GHCND:USC00280907,20120226,28
GHCND:USC00280907,20120227,22
GHCND:USC00280907,20120228,23
GHCND:USC00280907,20120229,31
GHCND:USC00280907,20120301,33
GHCND:USC00280907,20120302,33
GHCND:USC00280907,20120303,33
GHCND:USC00280907,20120304,33
GHCND:USC00280907,20120305,29
GHCND:USC00280907,20120306,24
GHCND:USC00280907,20120307,24
GHCND:USC00280907,20120308,28
GHCND:USC00280907,20120309,39
GHCND:USC00280907,20120310,27
GHCND:USC00280907,20120311,25
GHCND:USC00280907,20120312,32
GHCND:USC00280907,20120313,37
GHCND:USC00280907,20120314,47
GHCND:USC00280907,20120315,40
GHCND:USC00280907,20120316,41
GHCND:USC00280907,20120317,39
GHCND:USC00280907,20120318,39
GHCND:USC00280907,20120319,45
GHCND:USC00280907,20120320,47
GHCND:USC00280907,20120321,53
GHCND:USC00280907,20120322,53
GHCND:USC00280907,20120323,54
GHCND:USC00280907,20120324,51
GHCND:USC00280907,20120325,42
GHCND:USC00280907,20120326,43
GHCND:USC00280907,20120327,28
GHCND:USC00280907,20120328,29
GHCND:USC00280907,20120329,40
GHCND:USC00280907,20120330,37
GHCND:USC00280907,20120331,37
GHCND:USC00280907,20120401,38
GHCND:USC00280907,20120402,39
GHCND:USC00280907,20120403,39
GHCND:USC00280907,20120404,40
GHCND:USC00280907,20120405,40
GHCND:USC00280907,20120406,32
GHCND:USC00280907,20120407,35
GHCND:USC00280907,20120408,39
GHCND:USC00280907,20120409,43
GHCND:USC00280907,20120410,38
GHCND:USC00280907,20120411,40
GHCND:USC00280907,20120412,42
GHCND:USC00280907,20120413,38
GHCND:USC00280907,20120414,36
GHCND:USC00280907,20120415,47
GHCND:USC00280907,20120416,55
GHCND:USC00280907,20120417,55
GHCND:USC00280907,20120418,47
GHCND:USC00280907,20120419,47
GHCND:USC00280907,20120420,44
GHCND:USC00280907,20120421,45
GHCND:USC00280907,20120422,50
GHCND:USC00280907,20120423,43
GHCND:USC00280907,20120424,37
GHCND:USC00280907,20120425,35
GHCND:USC00280907,20120426,34
GHCND:USC00280907,20120427,35
GHCND:USC00280907,20120428,36
GHCND:USC00280907,20120429,37
GHCND:USC00280907,20120430,35
GHCND:USC00280907,20120501,37
GHCND:USC00280907,20120502,51
GHCND:USC00280907,20120503,50
GHCND:USC00280907,20120504,51
GHCND:USC00280907,20120505,54
GHCND:USC00280907,20120506,56
GHCND:USC00280907,20120507,48
GHCND:USC00280907,20120508,51
GHCND:USC00280907,20120509,54
GHCND:USC00280907,20120510,53
GHCND:USC00280907,20120511,44
GHCND:USC00280907,20120512,48
GHCND:USC00280907,20120513,54
GHCND:USC00280907,20120514,55
GHCND:USC00280907,20120515,60
GHCND:USC00280907,20120516,61
GHCND:USC00280907,20120517,51
GHCND:USC00280907,20120518,46
GHCND:USC00280907,20120519,45
GHCND:USC00280907,20120520,48
GHCND:USC00280907,20120521,51
GHCND:USC00280907,20120522,57
GHCND:USC00280907,20120523,61
GHCND:USC00280907,20120524,60
GHCND:USC00280907,20120525,60
GHCND:USC00280907,20120526,61
GHCND:USC00280907,20120527,66
GHCND:USC00280907,20120528,68
GHCND:USC00280907,20120529,68
GHCND:USC00280907,20120530,67
GHCND:USC00280907,20120531,62
GHCND:USC00280907,20120601,52
GHCND:USC00280907,20120602,57
GHCND:USC00280907,20120603,54
GHCND:USC00280907,20120604,56
GHCND:USC00280907,20120605,47
GHCND:USC00280907,20120606,47
GHCND:USC00280907,20120607,51
GHCND:USC00280907,20120608,53
GHCND:USC00280907,20120609,55
GHCND:USC00280907,20120610,65
GHCND:USC00280907,20120612,65
GHCND:USC00280907,20120613,63
GHCND:USC00280907,20120614,59
GHCND:USC00280907,20120615,57
GHCND:USC00280907,20120616,55
GHCND:USC00280907,20120617,57
GHCND:USC00280907,20120618,53
GHCND:USC00280907,20120619,58
GHCND:USC00280907,20120620,57
GHCND:USC00280907,20120621,76
GHCND:USC00280907,20120622,77
GHCND:USC00280907,20120623,66
GHCND:USC00280907,20120624,59
GHCND:USC00280907,20120625,61
GHCND:USC00280907,20120626,54
GHCND:USC00280907,20120627,58
GHCND:USC00280907,20120628,63
GHCND:USC00280907,20120629,66
GHCND:USC00280907,20120630,69
GHCND:USC00280907,20120701,68
GHCND:USC00280907,20120702,62
GHCND:USC00280907,20120703,61
GHCND:USC00280907,20120704,67
GHCND:USC00280907,20120705,71
GHCND:USC00280907,20120706,64
GHCND:USC00280907,20120707,66
GHCND:USC00280907,20120708,72
GHCND:USC00280907,20120709,67
GHCND:USC00280907,20120710,61
GHCND:USC00280907,20120711,65
GHCND:USC00280907,20120712,63
GHCND:USC00280907,20120713,67
GHCND:USC00280907,20120714,68
GHCND:USC00280907,20120715,70
GHCND:USC00280907,20120716,71
GHCND:USC00280907,20120717,66
GHCND:USC00280907,20120718,68
GHCND:USC00280907,20120719,71
GHCND:USC00280907,20120720,67
GHCND:USC00280907,20120721,61
GHCND:USC00280907,20120722,61
GHCND:USC00280907,20120723,64
GHCND:USC00280907,20120724,67
GHCND:USC00280907,20120725,63
GHCND:USC00280907,20120726,65
GHCND:USC00280907,20120727,66
GHCND:USC00280907,20120728,71
GHCND:USC00280907,20120729,67
GHCND:USC00280907,20120730,66
GHCND:USC00280907,20120731,65
GHCND:USC00280907,20120801,67
GHCND:USC00280907,20120802,65
GHCND:USC00280907,20120803,67
GHCND:USC00280907,20120804,69
GHCND:USC00280907,20120805,75
GHCND:USC00280907,20120806,72
GHCND:USC00280907,20120807,59
GHCND:USC00280907,20120808,61
GHCND:USC00280907,20120809,65
GHCND:USC00280907,20120810,68
GHCND:USC00280907,20120811,70
GHCND:USC00280907,20120812,70
GHCND:USC00280907,20120813,62
GHCND:USC00280907,20120814,61
GHCND:USC00280907,20120815,63
GHCND:USC00280907,20120816,65
GHCND:USC00280907,20120817,60
GHCND:USC00280907,20120818,61
GHCND:USC00280907,20120819,55
GHCND:USC00280907,20120820,55
GHCND:USC00280907,20120821,58
GHCND:USC00280907,20120822,59
GHCND:USC00280907,20120823,60
GHCND:USC00280907,20120824,61
GHCND:USC00280907,20120826,62
GHCND:USC00280907,20120827,64
GHCND:USC00280907,20120828,69
GHCND:USC00280907,20120829,61
GHCND:USC00280907,20120830,56
GHCND:USC00280907,20120831,56
GHCND:USC00280907,20120901,58
GHCND:USC00280907,20120902,69
GHCND:USC00280907,20120903,70
GHCND:USC00280907,20120904,67
GHCND:USC00280907,20120905,69
GHCND:USC00280907,20120906,64
GHCND:USC00280907,20120907,64
GHCND:USC00280907,20120908,67
GHCND:USC00280907,20120909,59
GHCND:USC00280907,20120910,56
GHCND:USC00280907,20120911,47
GHCND:USC00280907,20120912,46
GHCND:USC00280907,20120913,50
GHCND:USC00280907,20120914,52
GHCND:USC00280907,20120915,54
GHCND:USC00280907,20120916,50
GHCND:USC00280907,20120917,47
GHCND:USC00280907,20120918,48
GHCND:USC00280907,20120919,58
GHCND:USC00280907,20120920,45
GHCND:USC00280907,20120921,45
GHCND:USC00280907,20120922,53
GHCND:USC00280907,20120923,54
GHCND:USC00280907,20120924,48
GHCND:USC00280907,20120925,41
GHCND:USC00280907,20120926,41
GHCND:USC00280907,20120927,59
GHCND:USC00280907,20120928,57
GHCND:USC00280907,20120929,58
GHCND:USC00280907,20120930,52
GHCND:USC00280907,20121001,48
GHCND:USC00280907,20121002,52
GHCND:USC00280907,20121003,58
GHCND:USC00280907,20121004,63
GHCND:USC00280907,20121005,56
GHCND:USC00280907,20121006,55
GHCND:USC00280907,20121007,42
GHCND:USC00280907,20121008,38
GHCND:USC00280907,20121009,38
GHCND:USC00280907,20121010,49
GHCND:USC00280907,20121011,46
GHCND:USC00280907,20121012,36
GHCND:USC00280907,20121013,29
GHCND:USC00280907,20121014,31
GHCND:USC00280907,20121015,52
GHCND:USC00280907,20121016,51
GHCND:USC00280907,20121017,36
GHCND:USC00280907,20121018,36
GHCND:USC00280907,20121019,38
GHCND:USC00280907,20121020,54
GHCND:USC00280907,20121021,45
GHCND:USC00280907,20121022,45
GHCND:USC00280907,20121023,45
GHCND:USC00280907,20121024,45
GHCND:USC00280907,20121025,54
GHCND:USC00280907,20121026,55
GHCND:USC00280907,20121027,57
GHCND:USC00280907,20121028,56
GHCND:USC00280907,20121029,54
GHCND:USC00280907,20121030,50
GHCND:USC00280907,20121031,42
GHCND:USC00280907,20121101,40
GHCND:USC00280907,20121102,42
GHCND:USC00280907,20121103,40
GHCND:USC00280907,20121104,38
GHCND:USC00280907,20121105,38
GHCND:USC00280907,20121106,23
GHCND:USC00280907,20121107,26
GHCND:USC00280907,20121108,32
GHCND:USC00280907,20121109,35
GHCND:USC00280907,20121110,35
GHCND:USC00280907,20121111,37
GHCND:USC00280907,20121112,35
GHCND:USC00280907,20121113,39
GHCND:USC00280907,20121114,33
GHCND:USC00280907,20121115,31
GHCND:USC00280907,20121116,31
GHCND:USC00280907,20121117,29
GHCND:USC00280907,20121119,31
GHCND:USC00280907,20121120,29
GHCND:USC00280907,20121121,30
GHCND:USC00280907,20121122,29
GHCND:USC00280907,20121123,29
GHCND:USC00280907,20121124,40
GHCND:USC00280907,20121125,34
GHCND:USC00280907,20121126,34
GHCND:USC00280907,20121127,28
GHCND:USC00280907,20121128,31
GHCND:USC00280907,20121129,26
GHCND:USC00280907,20121130,26
GHCND:USC00280907,20121201,27
GHCND:USC00280907,20121202,34
GHCND:USC00280907,20121203,39
GHCND:USC00280907,20121204,39
GHCND:USC00280907,20121205,46
GHCND:USC00280907,20121206,28
GHCND:USC00280907,20121207,24
GHCND:USC00280907,20121208,26
GHCND:USC00280907,20121209,42
GHCND:USC00280907,20121210,40
GHCND:USC00280907,20121211,42
GHCND:USC00280907,20121212,30
GHCND:USC00280907,20121213,28
GHCND:USC00280907,20121214,24
GHCND:USC00280907,20121215,24
GHCND:USC00280907,20121216,29
GHCND:USC00280907,20121217,39
GHCND:USC00280907,20121219,41
GHCND:USC00280907,20121220,29
GHCND:USC00280907,20121221,29
GHCND:USC00280907,20121222,35
GHCND:USC00280907,20121223,34
GHCND:USC00280907,20121224,24
GHCND:USC00280907,20121225,25
GHCND:USC00280907,20121226,24
GHCND:USC00280907,20121227,27
GHCND:USC00280907,20121228,29
GHCND:USC00280907,20121229,24
GHCND:USC00280907,20121230,29
GHCND:USC00280907,20121231,25
GHCND:USC00280907,20130101,29
GHCND:USC00280907,20130102,22
GHCND:USC00280907,20130103,21
GHCND:USC00280907,20130104,21
GHCND:USC00280907,20130105,30
GHCND:USC00280907,20130106,30
GHCND:USC00280907,20130107,31
GHCND:USC00280907,20130108,23
GHCND:USC00280907,20130109,23
GHCND:USC00280907,20130110,26
GHCND:USC00280907,20130111,30
GHCND:USC00280907,20130112,32
GHCND:USC00280907,20130113,41
GHCND:USC00280907,20130114,41
GHCND:USC00280907,20130115,35
GHCND:USC00280907,20130116,31
GHCND:USC00280907,20130117,31
GHCND:USC00280907,20130118,28
GHCND:USC00280907,20130119,24
GHCND:USC00280907,20130120,29
GHCND:USC00280907,20130121,24
GHCND:USC00280907,20130122,19
GHCND:USC00280907,20130123,11
GHCND:USC00280907,20130124,7
GHCND:USC00280907,20130125,7
GHCND:USC00280907,20130126,11
GHCND:USC00280907,20130127,13
GHCND:USC00280907,20130128,15
GHCND:USC00280907,20130129,25
GHCND:USC00280907,20130130,37
GHCND:USC00280907,20130131,36
GHCND:USC00280907,20130201,26
GHCND:USC00280907,20130202,18
GHCND:USC00280907,20130203,19
GHCND:USC00280907,20130204,20
GHCND:USC00280907,20130205,22
GHCND:USC00280907,20130206,24
GHCND:USC00280907,20130207,20
GHCND:USC00280907,20130208,21
GHCND:USC00280907,20130209,28
GHCND:USC00280907,20130210,13
GHCND:USC00280907,20130212,31
GHCND:USC00280907,20130213,25
GHCND:USC00280907,20130214,24
GHCND:USC00280907,20130215,29
GHCND:USC00280907,20130216,28
GHCND:USC00280907,20130217,26
GHCND:USC00280907,20130218,15
GHCND:USC00280907,20130219,17
GHCND:USC00280907,20130220,22
GHCND:USC00280907,20130221,24
GHCND:USC00280907,20130222,22
GHCND:USC00280907,20130223,25
GHCND:USC00280907,20130224,34
GHCND:USC00280907,20130225,31
GHCND:USC00280907,20130226,27
GHCND:USC00280907,20130227,28
GHCND:USC00280907,20130228,36
GHCND:USC00280907,20130301,34
GHCND:USC00280907,20130302,32
GHCND:USC00280907,20130303,28
GHCND:USC00280907,20130304,26
GHCND:USC00280907,20130305,28
GHCND:USC00280907,20130306,30
GHCND:USC00280907,20130307,35
GHCND:USC00280907,20130308,31
GHCND:USC00280907,20130309,31
GHCND:USC00280907,20130310,29
GHCND:USC00280907,20130311,27
GHCND:USC00280907,20130312,37
GHCND:USC00280907,20130313,34
GHCND:USC00280907,20130314,28
GHCND:USC00280907,20130316,29
GHCND:USC00280907,20130317,28
GHCND:USC00280907,20130318,23
GHCND:USC00280907,20130319,25
GHCND:USC00280907,20130320,31
GHCND:USC00280907,20130321,30
GHCND:USC00280907,20130322,28
GHCND:USC00280907,20130325,29
GHCND:USC00280907,20130326,28
GHCND:USC00280907,20130327,35
GHCND:USC00280907,20130328,35
GHCND:USC00280907,20130329,35
GHCND:USC00280907,20130330,32
GHCND:USC00280907,20130331,30
GHCND:USC00280907,20130401,30
GHCND:USC00280907,20130402,30
GHCND:USC00280907,20130403,31
GHCND:USC00280907,20130404,32
GHCND:USC00280907,20130405,27
GHCND:USC00280907,20130407,33
GHCND:USC00280907,20130408,27
GHCND:USC00280907,20130409,44
GHCND:USC00280907,20130410,50
GHCND:USC00280907,20130411,52
GHCND:USC00280907,20130412,43
GHCND:USC00280907,20130413,37
GHCND:USC00280907,20130414,43
GHCND:USC00280907,20130415,40
GHCND:USC00280907,20130416,40
GHCND:USC00280907,20130417,47
GHCND:USC00280907,20130418,43
GHCND:USC00280907,20130419,43
GHCND:USC00280907,20130420,50
GHCND:USC00280907,20130421,34
GHCND:USC00280907,20130422,34
GHCND:USC00280907,20130423,37
GHCND:USC00280907,20130424,37
GHCND:USC00280907,20130425,38
GHCND:USC00280907,20130426,43
GHCND:USC00280907,20130427,40
GHCND:USC00280907,20130428,40
GHCND:USC00280907,20130429,41
GHCND:USC00280907,20130430,51
GHCND:USC00280907,20130501,37
GHCND:USC00280907,20130502,38
GHCND:USC00280907,20130503,41
GHCND:USC00280907,20130504,41
GHCND:USC00280907,20130505,39
GHCND:USC00280907,20130506,40
GHCND:USC00280907,20130507,45
GHCND:USC00280907,20130508,57
GHCND:USC00280907,20130509,52
GHCND:USC00280907,20130510,51
GHCND:USC00280907,20130511,53
GHCND:USC00280907,20130512,57
GHCND:USC00280907,20130513,43
GHCND:USC00280907,20130514,40
GHCND:USC00280907,20130515,40
GHCND:USC00280907,20130516,54
GHCND:USC00280907,20130517,56
GHCND:USC00280907,20130518,49
GHCND:USC00280907,20130519,51
GHCND:USC00280907,20130520,55
GHCND:USC00280907,20130521,58
GHCND:USC00280907,20130522,61
GHCND:USC00280907,20130523,61
GHCND:USC00280907,20130524,62
GHCND:USC00280907,20130525,45
GHCND:USC00280907,20130526,47
GHCND:USC00280907,20130527,44
GHCND:USC00280907,20130528,41
GHCND:USC00280907,20130529,56
GHCND:USC00280907,20130530,59
GHCND:USC00280907,20130531,66
GHCND:USC00280907,20130601,64
GHCND:USC00280907,20130602,66
GHCND:USC00280907,20130603,69
GHCND:USC00280907,20130604,56
GHCND:USC00280907,20130606,51
GHCND:USC00280907,20130607,58
GHCND:USC00280907,20130608,57
GHCND:USC00280907,20130609,58
GHCND:USC00280907,20130610,61
GHCND:USC00280907,20130611,62
GHCND:USC00280907,20130612,64
GHCND:USC00280907,20130613,58
GHCND:USC00280907,20130614,53
GHCND:USC00280907,20130615,57
GHCND:USC00280907,20130616,56
GHCND:USC00280907,20130617,59
GHCND:USC00280907,20130618,61
GHCND:USC00280907,20130619,57
GHCND:USC00280907,20130620,53
GHCND:USC00280907,20130621,54
GHCND:USC00280907,20130622,57
GHCND:USC00280907,20130623,57
GHCND:USC00280907,20130624,67
GHCND:USC00280907,20130625,67
GHCND:USC00280907,20130626,69
GHCND:USC00280907,20130627,69
GHCND:USC00280907,20130628,69
GHCND:USC00280907,20130629,67
GHCND:USC00280907,20130630,65
GHCND:USC00280907,20130701,68
GHCND:USC00280907,20130702,71
GHCND:USC00280907,20130703,71
GHCND:USC00280907,20130704,72
GHCND:USC00280907,20130705,70
GHCND:USC00280907,20130706,72
GHCND:USC00280907,20130707,72
GHCND:USC00280907,20130708,70
GHCND:USC00280907,20130709,68
GHCND:USC00280907,20130710,69
GHCND:USC00280907,20130711,73
GHCND:USC00280907,20130712,68
GHCND:USC00280907,20130713,66
GHCND:USC00280907,20130714,67
GHCND:USC00280907,20130715,74
GHCND:USC00280907,20130716,71
GHCND:USC00280907,20130717,71
GHCND:USC00280907,20130718,72
GHCND:USC00280907,20130719,74
GHCND:USC00280907,20130720,77
GHCND:USC00280907,20130721,73
GHCND:USC00280907,20130722,69
GHCND:USC00280907,20130723,71
GHCND:USC00280907,20130724,70
GHCND:USC00280907,20130725,61
GHCND:USC00280907,20130726,61
GHCND:USC00280907,20130727,59
GHCND:USC00280907,20130728,59
GHCND:USC00280907,20130729,66
GHCND:USC00280907,20130730,60
GHCND:USC00280907,20130731,59
GHCND:USC00280907,20130801,59
GHCND:USC00280907,20130802,63
GHCND:USC00280907,20130803,65
GHCND:USC00280907,20130804,60
GHCND:USC00280907,20130805,56
GHCND:USC00280907,20130806,54
GHCND:USC00280907,20130807,55
GHCND:USC00280907,20130808,66
GHCND:USC00280907,20130809,70
GHCND:USC00280907,20130810,67
GHCND:USC00280907,20130811,57
GHCND:USC00280907,20130812,60
GHCND:USC00280907,20130813,65
GHCND:USC00280907,20130814,58
GHCND:USC00280907,20130815,52
GHCND:USC00280907,20130816,52
GHCND:USC00280907,20130817,54
GHCND:USC00280907,20130818,56
GHCND:USC00280907,20130819,62
GHCND:USC00280907,20130820,62
GHCND:USC00280907,20130821,62
GHCND:USC00280907,20130822,64
GHCND:USC00280907,20130823,66
GHCND:USC00280907,20130824,59
GHCND:USC00280907,20130825,54
GHCND:USC00280907,20130826,55
GHCND:USC00280907,20130827,65
GHCND:USC00280907,20130828,65
GHCND:USC00280907,20130829,66
GHCND:USC00280907,20130830,69
GHCND:USC00280907,20130831,69
GHCND:USC00280907,20130901,72
GHCND:USC00280907,20130902,70
GHCND:USC00280907,20130903,65
GHCND:USC00280907,20130904,58
GHCND:USC00280907,20130905,58
GHCND:USC00280907,20130906,50
GHCND:USC00280907,20130907,47
GHCND:USC00280907,20130908,47
GHCND:USC00280907,20130909,48
GHCND:USC00280907,20130910,48
GHCND:USC00280907,20130911,66
GHCND:USC00280907,20130912,72
GHCND:USC00280907,20130913,65
GHCND:USC00280907,20130914,53
GHCND:USC00280907,20130915,45
GHCND:USC00280907,20130916,46
GHCND:USC00280907,20130917,44
GHCND:USC00280907,20130918,41
GHCND:USC00280907,20130919,41
GHCND:USC00280907,20130920,43
GHCND:USC00280907,20130921,49
GHCND:USC00280907,20130922,52
GHCND:USC00280907,20130923,48
GHCND:USC00280907,20130924,42
GHCND:USC00280907,20130925,41
GHCND:USC00280907,20130926,45
GHCND:USC00280907,20130927,49
GHCND:USC00280907,20130928,49
GHCND:USC00280907,20130929,47
GHCND:USC00280907,20130930,47
GHCND:USC00280907,20131001,46
GHCND:USC00280907,20131002,48
GHCND:USC00280907,20131003,54
GHCND:USC00280907,20131004,53
GHCND:USC00280907,20131005,59
GHCND:USC00280907,20131006,65
GHCND:USC00280907,20131007,64
GHCND:USC00280907,20131008,46
GHCND:USC00280907,20131009,46
GHCND:USC00280907,20131010,50
GHCND:USC00280907,20131011,52
GHCND:USC00280907,20131012,58
GHCND:USC00280907,20131013,54
GHCND:USC00280907,20131014,46
GHCND:USC00280907,20131015,46
GHCND:USC00280907,20131016,46
GHCND:USC00280907,20131017,53
GHCND:USC00280907,20131018,56
GHCND:USC00280907,20131019,40
GHCND:USC00280907,20131020,41
GHCND:USC00280907,20131021,37
GHCND:USC00280907,20131022,37
GHCND:USC00280907,20131023,36
GHCND:USC00280907,20131024,37
GHCND:USC00280907,20131025,31
GHCND:USC00280907,20131026,29
GHCND:USC00280907,20131027,29
GHCND:USC00280907,20131028,32
GHCND:USC00280907,20131029,34
GHCND:USC00280907,20131030,36
GHCND:USC00280907,20131031,38
GHCND:USC00280907,20131101,47
GHCND:USC00280907,20131102,46
GHCND:USC00280907,20131103,44
GHCND:USC00280907,20131104,29
GHCND:USC00280907,20131105,30
GHCND:USC00280907,20131106,31
GHCND:USC00280907,20131107,34
GHCND:USC00280907,20131108,35
GHCND:USC00280907,20131109,29
GHCND:USC00280907,20131110,34
GHCND:USC00280907,20131111,34
GHCND:USC00280907,20131112,35
GHCND:USC00280907,20131113,27
GHCND:USC00280907,20131114,27
GHCND:USC00280907,20131115,28
GHCND:USC00280907,20131116,28
GHCND:USC00280907,20131117,42
GHCND:USC00280907,20131118,48
GHCND:USC00280907,20131119,41
GHCND:USC00280907,20131120,31
GHCND:USC00280907,20131121,23
GHCND:USC00280907,20131122,23
GHCND:USC00280907,20131123,37
GHCND:USC00280907,20131124,22
GHCND:USC00280907,20131125,21
GHCND:USC00280907,20131126,21
GHCND:USC00280907,20131127,32
GHCND:USC00280907,20131128,29
GHCND:USC00280907,20131129,26
GHCND:USC00280907,20131130,20
GHCND:USC00280907,20131201,19
GHCND:USC00280907,20131202,27
GHCND:USC00280907,20131203,28
GHCND:USC00280907,20131205,32
GHCND:USC00280907,20131206,45
GHCND:USC00280907,20131207,35
GHCND:USC00280907,20131208,25
GHCND:USC00280907,20131209,26
GHCND:USC00280907,20131210,29
GHCND:USC00280907,20131211,22
GHCND:USC00280907,20131212,20
GHCND:USC00280907,20131213,16
GHCND:USC00280907,20131214,16
GHCND:USC00280907,20131215,16
GHCND:USC00280907,20131216,24
GHCND:USC00280907,20131217,14
GHCND:USC00280907,20131218,15
GHCND:USC00280907,20131219,16
GHCND:USC00280907,20131220,20
GHCND:USC00280907,20131221,31
GHCND:USC00280907,20131222,37
GHCND:USC00280907,20131223,49
GHCND:USC00280907,20131224,29
GHCND:USC00280907,20131225,15
GHCND:USC00280907,20131226,16
GHCND:USC00280907,20131227,23
GHCND:USC00280907,20131228,23
GHCND:USC00280907,20131229,24
GHCND:USC00280907,20131230,33
GHCND:USC00280907,20131231,17
GHCND:USC00280907,20140101,17
GHCND:USC00280907,20140102,17
GHCND:USC00280907,20140103,11
GHCND:USC00280907,20140104,0
GHCND:USC00280907,20140105,1
GHCND:USC00280907,20140106,7
GHCND:USC00280907,20140107,1
GHCND:USC00280907,20140108,3
GHCND:USC00280907,20140109,7
GHCND:USC00280907,20140110,15
GHCND:USC00280907,20140111,26
GHCND:USC00280907,20140112,37
GHCND:USC00280907,20140113,27
GHCND:USC00280907,20140114,27
GHCND:USC00280907,20140115,29
GHCND:USC00280907,20140116,29
GHCND:USC00280907,20140117,24
GHCND:USC00280907,20140118,25
GHCND:USC00280907,20140119,24
GHCND:USC00280907,20140120,23
GHCND:USC00280907,20140121,23
GHCND:USC00280907,20140122,3
GHCND:USC00280907,20140123,0
GHCND:USC00280907,20140124,4
GHCND:USC00280907,20140125,8
GHCND:USC00280907,20140126,11
GHCND:USC00280907,20140127,12
GHCND:USC00280907,20140128,10
GHCND:USC00280907,20140129,9
GHCND:USC00280907,20140130,6
GHCND:USC00280907,20140131,5
GHCND:USC00280907,20140201,24
GHCND:USC00280907,20140202,25
GHCND:USC00280907,20140203,26
GHCND:USC00280907,20140204,14
GHCND:USC00280907,20140205,15
GHCND:USC00280907,20140206,18
GHCND:USC00280907,20140207,10
GHCND:USC00280907,20140208,12
GHCND:USC00280907,20140209,12
GHCND:USC00280907,20140210,16
GHCND:USC00280907,20140319,27
GHCND:USC00280907,20140320,31
GHCND:USC00280907,20140321,36
GHCND:USC00280907,20140322,30
GHCND:USC00280907,20140323,34
GHCND:USC00280907,20140324,19
GHCND:USC00280907,20140325,18
GHCND:USC00280907,20140326,21
GHCND:USC00280907,20140327,19
GHCND:USC00280907,20140328,20
GHCND:USC00280907,20140329,33
GHCND:USC00280907,20140330,41
GHCND:USC00280907,20140331,36
GHCND:USC00280907,20140401,33
GHCND:USC00280907,20140402,33
GHCND:USC00280907,20140403,37
GHCND:USC00280907,20140404,42
GHCND:USC00280907,20140405,38
GHCND:USC00280907,20140406,33
GHCND:USC00280907,20140407,34
GHCND:USC00280907,20140408,35
GHCND:USC00280907,20140409,41
GHCND:USC00280907,20140410,30
GHCND:USC00280907,20140411,31
GHCND:USC00280907,20140412,43
GHCND:USC00280907,20140413,44
GHCND:USC00280907,20140414,49
GHCND:USC00280907,20140415,62
GHCND:USC00280907,20140416,30
GHCND:USC00280907,20140417,30
GHCND:USC00280907,20140418,31
GHCND:USC00280907,20140419,35
GHCND:USC00280907,20140420,43
GHCND:USC00280907,20140421,32
GHCND:USC00280907,20140422,34
GHCND:USC00280907,20140423,43
GHCND:USC00280907,20140424,40
GHCND:USC00280907,20140425,38
GHCND:USC00280907,20140426,41
GHCND:USC00280907,20140427,45
GHCND:USC00280907,20140428,40
GHCND:USC00280907,20140429,42
GHCND:USC00280907,20140430,40
GHCND:USC00280907,20140501,41
GHCND:USC00280907,20140502,53
GHCND:USC00280907,20140503,46
GHCND:USC00280907,20140504,51
GHCND:USC00280907,20140505,48
GHCND:USC00280907,20140506,48
GHCND:USC00280907,20140507,42
GHCND:USC00280907,20140508,44
GHCND:USC00280907,20140509,51
GHCND:USC00280907,20140510,55
GHCND:USC00280907,20140511,56
GHCND:USC00280907,20140512,52
GHCND:USC00280907,20140513,57
GHCND:USC00280907,20140514,49
GHCND:USC00280907,20140515,52
GHCND:USC00280907,20140516,60
GHCND:USC00280907,20140517,50
GHCND:USC00280907,20140518,44
GHCND:USC00280907,20140519,46
GHCND:USC00280907,20140520,48
GHCND:USC00280907,20140521,55
GHCND:USC00280907,20140522,61
GHCND:USC00280907,20140523,57
GHCND:USC00280907,20140524,55
GHCND:USC00280907,20140525,50
GHCND:USC00280907,20140526,52
GHCND:USC00280907,20140527,60
GHCND:USC00280907,20140528,60
GHCND:USC00280907,20140529,51
GHCND:USC00280907,20140530,52
GHCND:USC00280907,20140531,54
GHCND:USC00280907,20140601,52
GHCND:USC00280907,20140602,50
GHCND:USC00280907,20140603,55
GHCND:USC00280907,20140604,63
GHCND:USC00280907,20140605,61
GHCND:USC00280907,20140606,58
GHCND:USC00280907,20140607,58
GHCND:USC00280907,20140608,56
GHCND:USC00280907,20140609,58
GHCND:USC00280907,20140610,62
GHCND:USC00280907,20140611,63
GHCND:USC00280907,20140612,59
GHCND:USC00280907,20140613,59
GHCND:USC00280907,20140614,65
GHCND:USC00280907,20140615,57
GHCND:USC00280907,20140616,56
GHCND:USC00280907,20140617,57
GHCND:USC00280907,20140618,66
GHCND:USC00280907,20140619,68
GHCND:USC00280907,20140620,55
GHCND:USC00280907,20140621,57
GHCND:USC00280907,20140622,56
GHCND:USC00280907,20140623,56
GHCND:USC00280907,20140624,59
GHCND:USC00280907,20140625,60
GHCND:USC00280907,20140626,69
GHCND:USC00280907,20140627,69
GHCND:USC00280907,20140628,61
GHCND:USC00280907,20140629,60
GHCND:USC00280907,20140630,60
GHCND:USC00280907,20140701,63
GHCND:USC00280907,20140702,69
GHCND:USC00280907,20140703,71
GHCND:USC00280907,20140704,69
GHCND:USC00280907,20140705,62
GHCND:USC00280907,20140706,57
GHCND:USC00280907,20140707,64
GHCND:USC00280907,20140708,68
GHCND:USC00280907,20140709,67
GHCND:USC00280907,20140710,64
GHCND:USC00280907,20140711,64
GHCND:USC00280907,20140712,63
GHCND:USC00280907,20140713,69
GHCND:USC00280907,20140714,70
GHCND:USC00280907,20140715,71
GHCND:USC00280907,20140716,67
GHCND:USC00280907,20140717,61
GHCND:USC00280907,20140718,58
GHCND:USC00280907,20140719,59
GHCND:USC00280907,20140720,63
GHCND:USC00280907,20140721,60
GHCND:USC00280907,20140722,61
GHCND:USC00280907,20140723,65
GHCND:USC00280907,20140724,69
GHCND:USC00280907,20140725,59
GHCND:USC00280907,20140726,61
GHCND:USC00280907,20140727,68
GHCND:USC00280907,20140728,68
GHCND:USC00280907,20140729,61
GHCND:USC00280907,20140730,55
GHCND:USC00280907,20140731,57
GHCND:USC00280907,20140801,59
GHCND:USC00280907,20140802,64
GHCND:USC00280907,20140803,64
GHCND:USC00280907,20140804,65
GHCND:USC00280907,20140805,63
GHCND:USC00280907,20140806,67
GHCND:USC00280907,20140807,62
GHCND:USC00280907,20140808,59
GHCND:USC00280907,20140809,58
GHCND:USC00280907,20140810,57
GHCND:USC00280907,20140811,61
GHCND:USC00280907,20140812,61
GHCND:USC00280907,20140813,66
GHCND:USC00280907,20140814,60
GHCND:USC00280907,20140815,55
GHCND:USC00280907,20140816,54
GHCND:USC00280907,20140817,55
GHCND:USC00280907,20140818,56
GHCND:USC00280907,20140819,55
GHCND:USC00280907,20140820,56
GHCND:USC00280907,20140821,65
GHCND:USC00280907,20140822,64
GHCND:USC00280907,20140823,60
GHCND:USC00280907,20140824,59
GHCND:USC00280907,20140825,57
GHCND:USC00280907,20140826,57
GHCND:USC00280907,20140827,61
GHCND:USC00280907,20140828,63
GHCND:USC00280907,20140829,54
GHCND:USC00280907,20140830,53
GHCND:USC00280907,20140831,54
GHCND:USC00280907,20140901,69
GHCND:USC00280907,20140902,69
GHCND:USC00280907,20140903,67
GHCND:USC00280907,20140904,58
GHCND:USC00280907,20140905,58
GHCND:USC00280907,20140906,64
GHCND:USC00280907,20140907,61
GHCND:USC00280907,20140908,55
GHCND:USC00280907,20140909,56
GHCND:USC00280907,20140910,59
GHCND:USC00280907,20140911,59
GHCND:USC00280907,20140912,58
GHCND:USC00280907,20140913,56
GHCND:USC00280907,20140914,49
GHCND:USC00280907,20140915,46
GHCND:USC00280907,20140916,47
GHCND:USC00280907,20140917,47
GHCND:USC00280907,20140918,46
GHCND:USC00280907,20140919,46
GHCND:USC00280907,20140920,50
GHCND:USC00280907,20140921,56
GHCND:USC00280907,20140922,62
GHCND:USC00280907,20140923,42
GHCND:USC00280907,20140924,42
GHCND:USC00280907,20140925,48
GHCND:USC00280907,20140926,51
GHCND:USC00280907,20140927,51
GHCND:USC00280907,20140928,51
GHCND:USC00280907,20140929,53
GHCND:USC00280907,20140930,53
GHCND:USC00280907,20141001,59
GHCND:USC00280907,20141002,59
GHCND:USC00280907,20141003,53
GHCND:USC00280907,20141004,54
GHCND:USC00280907,20141005,43
GHCND:USC00280907,20141006,39
GHCND:USC00280907,20141007,39
GHCND:USC00280907,20141008,55
GHCND:USC00280907,20141009,44
GHCND:USC00280907,20141010,43
GHCND:USC00280907,20141011,41
GHCND:USC00280907,20141012,40
GHCND:USC00280907,20141013,40
GHCND:USC00280907,20141014,48
GHCND:USC00280907,20141015,60
GHCND:USC00280907,20141016,67
GHCND:USC00280907,20141017,55
GHCND:USC00280907,20141018,51
GHCND:USC00280907,20141019,48
GHCND:USC00280907,20141020,36
GHCND:USC00280907,20141021,36
GHCND:USC00280907,20141022,48
GHCND:USC00280907,20141023,51
GHCND:USC00280907,20141024,49
GHCND:USC00280907,20141025,43
GHCND:USC00280907,20141026,42
GHCND:USC00280907,20141027,46
GHCND:USC00280907,20141028,41
GHCND:USC00280907,20141029,42
GHCND:USC00280907,20141030,39
GHCND:USC00280907,20141031,35
GHCND:USC00280907,20141101,38
GHCND:USC00280907,20141102,40
GHCND:USC00280907,20141103,39
GHCND:USC00280907,20141104,42
GHCND:USC00280907,20141105,47
GHCND:USC00280907,20141106,45
GHCND:USC00280907,20141107,44
GHCND:USC00280907,20141108,32
GHCND:USC00280907,20141109,35
GHCND:USC00280907,20141110,31
GHCND:USC00280907,20141111,31
GHCND:USC00280907,20141112,42
GHCND:USC00280907,20141113,35
GHCND:USC00280907,20141114,33
GHCND:USC00280907,20141115,24
GHCND:USC00280907,20141116,23
GHCND:USC00280907,20141117,27
GHCND:USC00280907,20141118,26
GHCND:USC00280907,20141119,21
GHCND:USC00280907,20141120,21
GHCND:USC00280907,20141121,26
GHCND:USC00280907,20141122,18
GHCND:USC00280907,20141123,18
GHCND:USC00280907,20141124,39
GHCND:USC00280907,20141125,53
GHCND:USC00280907,20141126,39
GHCND:USC00280907,20141127,33
GHCND:USC00280907,20141128,27
GHCND:USC00280907,20141129,20
GHCND:USC00280907,20141130,21
GHCND:USC00280907,20141201,37
GHCND:USC00280907,20141202,33
GHCND:USC00280907,20141203,24
GHCND:USC00280907,20141204,30
GHCND:USC00280907,20141205,27
GHCND:USC00280907,20141206,31
GHCND:USC00280907,20141207,36
GHCND:USC00280907,20141208,21
GHCND:USC00280907,20141209,21
GHCND:USC00280907,20141210,35
GHCND:USC00280907,20141211,31
GHCND:USC00280907,20141212,30
GHCND:USC00280907,20141213,31
GHCND:USC00280907,20141214,34
GHCND:USC00280907,20141215,28
GHCND:USC00280907,20141216,29
GHCND:USC00280907,20141217,34
GHCND:USC00280907,20141218,35
GHCND:USC00280907,20141219,25
GHCND:USC00280907,20141220,29
GHCND:USC00280907,20141221,29
GHCND:USC00280907,20141222,29
GHCND:USC00280907,20141223,29
GHCND:USC00280907,20141224,42
GHCND:USC00280907,20141225,44
GHCND:USC00280907,20141226,29
GHCND:USC00280907,20141227,30
GHCND:USC00280907,20141228,32
GHCND:USC00280907,20141229,29
GHCND:USC00280907,20141230,26
GHCND:USC00280907,20141231,22
GHCND:USC00280907,20150101,14
GHCND:USC00280907,20150102,20
GHCND:USC00280907,20150103,21
GHCND:USC00280907,20150104,25
GHCND:USC00280907,20150105,36
GHCND:USC00280907,20150106,17
GHCND:USC00280907,20150107,10
GHCND:USC00280907,20150108,7
GHCND:USC00280907,20150109,8
GHCND:USC00280907,20150110,4
GHCND:USC00280907,20150111,10
GHCND:USC00280907,20150112,16
GHCND:USC00280907,20150113,26
GHCND:USC00280907,20150114,13
GHCND:USC00280907,20150115,15
GHCND:USC00280907,20150116,22
GHCND:USC00280907,20150117,11
GHCND:USC00280907,20150118,12
GHCND:USC00280907,20150119,25
GHCND:USC00280907,20150120,30
GHCND:USC00280907,20150121,20
GHCND:USC00280907,20150122,20
GHCND:USC00280907,20150123,21
GHCND:USC00280907,20150124,20
GHCND:USC00280907,20150125,31
GHCND:USC00280907,20150126,18
GHCND:USC00280907,20150127,18
GHCND:USC00280907,20150128,14
GHCND:USC00280907,20150129,8
GHCND:USC00280907,20150130,10
GHCND:USC00280907,20150131,8
GHCND:USC00280907,20150201,10
GHCND:USC00280907,20150202,14
GHCND:USC00280907,20150203,12
GHCND:USC00280907,20150204,10
GHCND:USC00280907,20150205,16
GHCND:USC00280907,20150206,5
GHCND:USC00280907,20150207,4
GHCND:USC00280907,20150208,23
GHCND:USC00280907,20150209,25
GHCND:USC00280907,20150210,25
GHCND:USC00280907,20150211,20
GHCND:USC00280907,20150212,19
GHCND:USC00280907,20150213,5
GHCND:USC00280907,20150214,2
GHCND:USC00280907,20150215,8
GHCND:USC00280907,20150216,0
GHCND:USC00280907,20150217,1
GHCND:USC00280907,20150218,1
GHCND:USC00280907,20150219,5
GHCND:USC00280907,20150220,-1
GHCND:USC00280907,20150221,-2
GHCND:USC00280907,20150222,1
GHCND:USC00280907,20150223,25
GHCND:USC00280907,20150224,-5
GHCND:USC00280907,20150225,-6
GHCND:USC00280907,20150226,5
GHCND:USC00280907,20150227,12
GHCND:USC00280907,20150228,7
GHCND:USC00280907,20150301,9
GHCND:USC00280907,20150302,18
GHCND:USC00280907,20150303,8
GHCND:USC00280907,20150304,11
GHCND:USC00280907,20150305,32
GHCND:USC00280907,20150306,6
GHCND:USC00280907,20150307,2
GHCND:USC00280907,20150308,5
GHCND:USC00280907,20150309,25
GHCND:USC00280907,20150310,28
GHCND:USC00280907,20150311,28
GHCND:USC00280907,20150312,38
GHCND:USC00280907,20150313,26
GHCND:USC00280907,20150314,23
GHCND:USC00280907,20150315,34
GHCND:USC00280907,20150316,25
GHCND:USC00280907,20150317,31
GHCND:USC00280907,20150318,28
GHCND:USC00280907,20150319,24
GHCND:USC00280907,20150320,26
GHCND:USC00280907,20150321,29
GHCND:USC00280907,20150322,29
GHCND:USC00280907,20150323,21
GHCND:USC00280907,20150324,21
GHCND:USC00280907,20150325,23
GHCND:USC00280907,20150326,23
GHCND:USC00280907,20150327,37
GHCND:USC00280907,20150328,31
GHCND:USC00280907,20150329,23
GHCND:USC00280907,20150330,23
GHCND:USC00280907,20150331,35
GHCND:USC00280907,20150401,30
GHCND:USC00280907,20150402,28
GHCND:USC00280907,20150403,29
GHCND:USC00280907,20150404,44
GHCND:USC00280907,20150405,28
GHCND:USC00280907,20150406,30
GHCND:USC00280907,20150407,35
GHCND:USC00280907,20150408,42
GHCND:USC00280907,20150409,36
GHCND:USC00280907,20150410,37
GHCND:USC00280907,20150411,38
GHCND:USC00280907,20150412,34
GHCND:USC00280907,20150413,38
GHCND:USC00280907,20150414,43
GHCND:USC00280907,20150415,49
GHCND:USC00280907,20150416,41
GHCND:USC00280907,20150417,41
GHCND:USC00280907,20150418,48
GHCND:USC00280907,20150419,44
GHCND:USC00280907,20150420,45
GHCND:USC00280907,20150421,45
GHCND:USC00280907,20150422,41
GHCND:USC00280907,20150423,39
GHCND:USC00280907,20150424,37
GHCND:USC00280907,20150425,32
GHCND:USC00280907,20150426,34
GHCND:USC00280907,20150427,32
GHCND:USC00280907,20150428,47
GHCND:USC00280907,20150429,49
GHCND:USC00280907,20150430,45
GHCND:USC00280907,20150501,46
GHCND:USC00280907,20150502,41
GHCND:USC00280907,20150503,40
GHCND:USC00280907,20150504,47
GHCND:USC00280907,20150505,49
GHCND:USC00280907,20150506,59
GHCND:USC00280907,20150507,46
GHCND:USC00280907,20150508,48
GHCND:USC00280907,20150509,52
GHCND:USC00280907,20150510,59
GHCND:USC00280907,20150511,62
GHCND:USC00280907,20150512,64
GHCND:USC00280907,20150513,55
GHCND:USC00280907,20150514,47
GHCND:USC00280907,20150515,45
GHCND:USC00280907,20150516,47
GHCND:USC00280907,20150517,58
GHCND:USC00280907,20150518,64
GHCND:USC00280907,20150519,56
GHCND:USC00280907,20150520,55
GHCND:USC00280907,20150521,48
GHCND:USC00280907,20150522,49
GHCND:USC00280907,20150523,44
GHCND:USC00280907,20150524,42
GHCND:USC00280907,20150525,45
GHCND:USC00280907,20150526,59
GHCND:USC00280907,20150527,64
GHCND:USC00280907,20150528,68
GHCND:USC00280907,20150529,56
GHCND:USC00280907,20150530,58
GHCND:USC00280907,20150531,66
GHCND:USC00280907,20150601,55
GHCND:USC00280907,20150602,49
GHCND:USC00280907,20150603,49
GHCND:USC00280907,20150604,53
GHCND:USC00280907,20150605,55
GHCND:USC00280907,20150606,54
GHCND:USC00280907,20150607,46
GHCND:USC00280907,20150608,49
GHCND:USC00280907,20150609,60
GHCND:USC00280907,20150610,58
GHCND:USC00280907,20150611,64
GHCND:USC00280907,20150612,68
GHCND:USC00280907,20150613,69
GHCND:USC00280907,20150614,60
GHCND:USC00280907,20150615,67
GHCND:USC00280907,20150616,64
GHCND:USC00280907,20150617,63
GHCND:USC00280907,20150618,63
GHCND:USC00280907,20150619,64
GHCND:USC00280907,20150620,66
GHCND:USC00280907,20150621,63
GHCND:USC00280907,20150622,68
GHCND:USC00280907,20150623,67
GHCND:USC00280907,20150624,64
GHCND:USC00280907,20150625,56
GHCND:USC00280907,20150626,61
GHCND:USC00280907,20150627,64
GHCND:USC00280907,20150628,56
GHCND:USC00280907,20150629,59
GHCND:USC00280907,20150630,59
GHCND:USC00280907,20150701,64
GHCND:USC00280907,20150702,61
GHCND:USC00280907,20150703,59
GHCND:USC00280907,20150704,65
GHCND:USC00280907,20150705,61
GHCND:USC00280907,20150706,62
GHCND:USC00280907,20150707,69
GHCND:USC00280907,20150708,71
GHCND:USC00280907,20150709,70
GHCND:USC00280907,20150710,66
GHCND:USC00280907,20150711,61
GHCND:USC00280907,20150712,62
GHCND:USC00280907,20150713,65
GHCND:USC00280907,20150714,63
GHCND:USC00280907,20150715,66
GHCND:USC00280907,20150716,61
GHCND:USC00280907,20150717,56
GHCND:USC00280907,20150718,59
GHCND:USC00280907,20150719,69
GHCND:USC00280907,20150720,62
GHCND:USC00280907,20150721,73
GHCND:USC00280907,20150722,66
GHCND:USC00280907,20150723,57
GHCND:USC00280907,20150724,59
GHCND:USC00280907,20150725,59
GHCND:USC00280907,20150726,63
GHCND:USC00280907,20150727,69
GHCND:USC00280907,20150728,67
GHCND:USC00280907,20150729,67
GHCND:USC00280907,20150730,68
GHCND:USC00280907,20150731,68
GHCND:USC00280907,20150801,64
GHCND:USC00280907,20150802,62
GHCND:USC00280907,20150803,62
GHCND:USC00280907,20150804,62
GHCND:USC00280907,20150805,62
GHCND:USC00280907,20150806,58
GHCND:USC00280907,20150807,59
GHCND:USC00280907,20150808,57
GHCND:USC00280907,20150809,61
GHCND:USC00280907,20150810,58
GHCND:USC00280907,20150811,63
GHCND:USC00280907,20150812,62
GHCND:USC00280907,20150813,61
GHCND:USC00280907,20150814,56
GHCND:USC00280907,20150815,56
GHCND:USC00280907,20150816,68
GHCND:USC00280907,20150817,68
GHCND:USC00280907,20150818,68
GHCND:USC00280907,20150819,70
GHCND:USC00280907,20150820,70
GHCND:USC00280907,20150821,70
GHCND:USC00280907,20150822,62
GHCND:USC00280907,20150823,59
GHCND:USC00280907,20150824,59
GHCND:USC00280907,20150825,65
GHCND:USC00280907,20150826,62
GHCND:USC00280907,20150827,63
GHCND:USC00280907,20150828,57
GHCND:USC00280907,20150829,53
GHCND:USC00280907,20150830,59
GHCND:USC00280907,20150831,61
GHCND:USC00280907,20150901,64
GHCND:USC00280907,20150902,63
GHCND:USC00280907,20150903,62
GHCND:USC00280907,20150904,70
GHCND:USC00280907,20150905,61
GHCND:USC00280907,20150906,48
GHCND:USC00280907,20150907,53
GHCND:USC00280907,20150908,58
GHCND:USC00280907,20150909,67
GHCND:USC00280907,20150910,69
GHCND:USC00280907,20150911,65
GHCND:USC00280907,20150912,58
GHCND:USC00280907,20150913,58
GHCND:USC00280907,20150914,49
GHCND:USC00280907,20150915,51
GHCND:USC00280907,20150916,51
GHCND:USC00280907,20150917,54
GHCND:USC00280907,20150918,55
GHCND:USC00280907,20150919,55
GHCND:USC00280907,20150920,56
GHCND:USC00280907,20150922,52
GHCND:USC00280907,20150923,50
GHCND:USC00280907,20150924,49
GHCND:USC00280907,20150925,49
GHCND:USC00280907,20150926,53
GHCND:USC00280907,20150927,49
GHCND:USC00280907,20150928,53
GHCND:USC00280907,20150929,62
GHCND:USC00280907,20150930,68
GHCND:USC00280907,20151001,52
GHCND:USC00280907,20151002,50
GHCND:USC00280907,20151003,46
GHCND:USC00280907,20151004,46
GHCND:USC00280907,20151005,48
GHCND:USC00280907,20151006,45
GHCND:USC00280907,20151007,45
GHCND:USC00280907,20151008,50
GHCND:USC00280907,20151009,50
GHCND:USC00280907,20151010,42
GHCND:USC00280907,20151011,30
GHCND:USC00280907,20151012,31
GHCND:USC00280907,20151013,43
GHCND:USC00280907,20151014,53
GHCND:USC00280907,20151015,38
GHCND:USC00280907,20151016,42
GHCND:USC00280907,20151017,43
GHCND:USC00280907,20151018,30
GHCND:USC00280907,20151019,30
GHCND:USC00280907,20151020,30
GHCND:USC00280907,20151021,40
GHCND:USC00280907,20151022,44
GHCND:USC00280907,20151023,47
GHCND:USC00280907,20151024,33
GHCND:USC00280907,20151025,32
GHCND:USC00280907,20151026,39
GHCND:USC00280907,20151027,33
GHCND:USC00280907,20151028,33
GHCND:USC00280907,20151029,50
GHCND:USC00280907,20151030,47
GHCND:USC00280907,20151031,33
GHCND:USC00280907,20151101,33
GHCND:USC00280907,20151102,44
GHCND:USC00280907,20151103,37
GHCND:USC00280907,20151104,43
GHCND:USC00280907,20151105,43
GHCND:USC00280907,20151106,54
GHCND:USC00280907,20151107,56
GHCND:USC00280907,20151108,40
GHCND:USC00280907,20151109,30
GHCND:USC00280907,20151110,31
GHCND:USC00280907,20151111,49
GHCND:USC00280907,20151112,49
GHCND:USC00280907,20151113,50
GHCND:USC00280907,20151114,42
GHCND:USC00280907,20151115,31
GHCND:USC00280907,20151116,31
GHCND:USC00280907,20151117,36
GHCND:USC00280907,20151118,33
GHCND:USC00280907,20151119,41
GHCND:USC00280907,20151120,52
GHCND:USC00280907,20151121,34
GHCND:USC00280907,20151122,35
GHCND:USC00280907,20151123,32
GHCND:USC00280907,20151124,23
GHCND:USC00280907,20151125,25
GHCND:USC00280907,20151126,24
GHCND:USC00280907,20151127,28
GHCND:USC00280907,20151128,37
GHCND:USC00280907,20151129,37
GHCND:USC00280907,20151130,28
GHCND:USC00280907,20151201,29
GHCND:USC00280907,20151202,42
GHCND:USC00280907,20151203,43
GHCND:USC00280907,20151204,40
GHCND:USC00280907,20151205,32
GHCND:USC00280907,20151206,26
GHCND:USC00280907,20151207,26
GHCND:USC00280907,20151208,29
GHCND:USC00280907,20151209,27
GHCND:USC00280907,20151210,32
GHCND:USC00280907,20151211,38
GHCND:USC00280907,20151212,38
GHCND:USC00280907,20151213,42
GHCND:USC00280907,20151214,48
GHCND:USC00280907,20151215,48
GHCND:USC00280907,20151216,38
GHCND:USC00280907,20151217,40
GHCND:USC00280907,20151218,42
GHCND:USC00280907,20151219,31
GHCND:USC00280907,20151220,31
GHCND:USC00280907,20151221,28
GHCND:USC00280907,20151222,31
GHCND:USC00280907,20151223,45
GHCND:USC00280907,20151224,46
GHCND:USC00280907,20151225,48
GHCND:USC00280907,20151226,47
GHCND:USC00280907,20151227,45
GHCND:USC00280907,20151228,36
GHCND:USC00280907,20151229,30
GHCND:USC00280907,20151230,34
GHCND:USC00280907,20151231,37
GHCND:USC00280907,20160101,37
GHCND:USC00280907,20160102,31
GHCND:USC00280907,20160103,27
GHCND:USC00280907,20160104,27
GHCND:USC00280907,20160105,8
GHCND:USC00280907,20160106,8
GHCND:USC00280907,20160107,11
GHCND:USC00280907,20160108,17
GHCND:USC00280907,20160109,31
GHCND:USC00280907,20160110,37
GHCND:USC00280907,20160111,29
GHCND:USC00280907,20160112,16
GHCND:USC00280907,20160113,17
GHCND:USC00280907,20160114,20
GHCND:USC00280907,20160115,22
GHCND:USC00280907,20160116,27
GHCND:USC00280907,20160117,32
GHCND:USC00280907,20160118,21
GHCND:USC00280907,20160119,15
GHCND:USC00280907,20160120,15
GHCND:USC00280907,20160121,24
GHCND:USC00280907,20160122,17
GHCND:USC00280907,20160124,14
GHCND:USC00280907,20160125,16
GHCND:USC00280907,20160126,17
GHCND:USC00280907,20160127,17
GHCND:USC00280907,20160129,19
GHCND:USC00280907,20160130,22
GHCND:USC00280907,20160131,22
GHCND:USC00280907,20160201,31
GHCND:USC00280907,20160202,36
GHCND:USC00280907,20160203,29
GHCND:USC00280907,20160204,36
GHCND:USC00280907,20160205,32
GHCND:USC00280907,20160206,23
GHCND:USC00280907,20160207,22
GHCND:USC00280907,20160208,22
GHCND:USC00280907,20160209,25
GHCND:USC00280907,20160210,25
GHCND:USC00280907,20160211,20
GHCND:USC00280907,20160212,13
GHCND:USC00280907,20160213,12
GHCND:USC00280907,20160214,-3
GHCND:USC00280907,20160215,-3
GHCND:USC00280907,20160216,10
GHCND:USC00280907,20160217,32
GHCND:USC00280907,20160218,26
GHCND:USC00280907,20160219,18
GHCND:USC00280907,20160220,18
GHCND:USC00280907,20160221,34
GHCND:USC00280907,20160222,34
GHCND:USC00280907,20160223,32
GHCND:USC00280907,20160224,32
GHCND:USC00280907,20160225,36
GHCND:USC00280907,20160226,31
GHCND:USC00280907,20160227,31
GHCND:USC00280907,20160228,22
GHCND:USC00280907,20160229,31
GHCND:USC00280907,20160301,32
GHCND:USC00280907,20160302,31
GHCND:USC00280907,20160303,23
GHCND:USC00280907,20160304,23
GHCND:USC00280907,20160305,24
GHCND:USC00280907,20160306,24
GHCND:USC00280907,20160307,24
GHCND:USC00280907,20160308,27
GHCND:USC00280907,20160309,36
GHCND:USC00280907,20160310,37
GHCND:USC00280907,20160311,52
GHCND:USC00280907,20160312,32
GHCND:USC00280907,20160313,41
GHCND:USC00280907,20160314,44
GHCND:USC00280907,20160315,40
GHCND:USC00280907,20160316,41
GHCND:USC00280907,20160317,41
GHCND:USC00280907,20160318,38
GHCND:USC00280907,20160319,31
GHCND:USC00280907,20160320,30
GHCND:USC00280907,20160321,30
GHCND:USC00280907,20160322,32
GHCND:USC00280907,20160323,30
GHCND:USC00280907,20160324,42
GHCND:USC00280907,20160325,41
GHCND:USC00280907,20160326,34
GHCND:USC00280907,20160327,36
GHCND:USC00280907,20160328,39
GHCND:USC00280907,20160329,40
GHCND:USC00280907,20160330,28
GHCND:USC00280907,20160331,27
GHCND:USC00280907,20160401,38
GHCND:USC00280907,20160402,48
GHCND:USC00280907,20160403,33
GHCND:USC00280907,20160404,32
GHCND:USC00280907,20160405,23
GHCND:USC00280907,20160406,22
GHCND:USC00280907,20160407,23
GHCND:USC00280907,20160408,42
GHCND:USC00280907,20160409,26
GHCND:USC00280907,20160410,27
GHCND:USC00280907,20160411,29
GHCND:USC00280907,20160412,42
GHCND:USC00280907,20160413,34
GHCND:USC00280907,20160414,35
GHCND:USC00280907,20160415,33
GHCND:USC00280907,20160416,33
GHCND:USC00280907,20160417,35
GHCND:USC00280907,20160418,42
GHCND:USC00280907,20160419,43
GHCND:USC00280907,20160420,46
GHCND:USC00280907,20160421,38
GHCND:USC00280907,20160422,38
GHCND:USC00280907,20160423,54
GHCND:USC00280907,20160424,39
GHCND:USC00280907,20160425,45
GHCND:USC00280907,20160426,48
GHCND:USC00280907,20160427,46
GHCND:USC00280907,20160428,41
GHCND:USC00280907,20160429,42
GHCND:USC00280907,20160430,44
GHCND:USC00280907,20160501,45
GHCND:USC00280907,20160502,44
GHCND:USC00280907,20160503,44
GHCND:USC00280907,20160504,48
GHCND:USC00280907,20160505,45
GHCND:USC00280907,20160506,46
GHCND:USC00280907,20160507,47
GHCND:USC00280907,20160508,46
GHCND:USC00280907,20160509,42
GHCND:USC00280907,20160510,42
GHCND:USC00280907,20160511,42
GHCND:USC00280907,20160512,43
GHCND:USC00280907,20160513,48
GHCND:USC00280907,20160514,51
GHCND:USC00280907,20160515,45
GHCND:USC00280907,20160516,39
GHCND:USC00280907,20160517,41
GHCND:USC00280907,20160518,48
GHCND:USC00280907,20160519,51
GHCND:USC00280907,20160520,52
GHCND:USC00280907,20160521,46
GHCND:USC00280907,20160522,50
GHCND:USC00280907,20160523,51
GHCND:USC00280907,20160524,51
GHCND:USC00280907,20160525,52
GHCND:USC00280907,20160526,53
GHCND:USC00280907,20160527,59
GHCND:USC00280907,20160528,64
GHCND:USC00280907,20160529,65
GHCND:USC00280907,20160530,66
GHCND:USC00280907,20160531,66
GHCND:USC00280907,20160601,64
GHCND:USC00280907,20160602,59
GHCND:USC00280907,20160603,62
GHCND:USC00280907,20160604,62
GHCND:USC00280907,20160605,63
GHCND:USC00280907,20160606,62
GHCND:USC00280907,20160607,63
GHCND:USC00280907,20160608,58
GHCND:USC00280907,20160609,51
GHCND:USC00280907,20160610,52
GHCND:USC00280907,20160611,48
GHCND:USC00280907,20160612,50
GHCND:USC00280907,20160613,55
GHCND:USC00280907,20160614,55
GHCND:USC00280907,20160615,54
GHCND:USC00280907,20160616,57
GHCND:USC00280907,20160617,57
GHCND:USC00280907,20160618,51
GHCND:USC00280907,20160619,57
GHCND:USC00280907,20160620,58
GHCND:USC00280907,20160621,60
GHCND:USC00280907,20160622,57
GHCND:USC00280907,20160623,59
GHCND:USC00280907,20160624,61
GHCND:USC00280907,20160625,58
GHCND:USC00280907,20160626,57
GHCND:USC00280907,20160627,57
GHCND:USC00280907,20160628,59
GHCND:USC00280907,20160629,66
GHCND:USC00280907,20160630,64
GHCND:USC00280907,20160701,60
GHCND:USC00280907,20160702,61
GHCND:USC00280907,20160703,59
GHCND:USC00280907,20160704,58
GHCND:USC00280907,20160705,68
GHCND:USC00280907,20160706,68
GHCND:USC00280907,20160707,69
GHCND:USC00280907,20160708,70
GHCND:USC00280907,20160709,64
GHCND:USC00280907,20160710,64
GHCND:USC00280907,20160711,61
GHCND:USC00280907,20160712,58
GHCND:USC00280907,20160713,59
GHCND:USC00280907,20160714,66
GHCND:USC00280907,20160715,70
GHCND:USC00280907,20160716,68
GHCND:USC00280907,20160717,68
GHCND:USC00280907,20160718,66
GHCND:USC00280907,20160719,66
GHCND:USC00280907,20160720,60
GHCND:USC00280907,20160721,60
GHCND:USC00280907,20160722,64
GHCND:USC00280907,20160723,71
GHCND:USC00280907,20160724,64
GHCND:USC00280907,20160725,65
GHCND:USC00280907,20160726,65
GHCND:USC00280907,20160727,66
GHCND:USC00280907,20160728,66
GHCND:USC00280907,20160729,70
GHCND:USC00280907,20160730,67
GHCND:USC00280907,20160731,69
GHCND:USC00280907,20160801,68
GHCND:USC00280907,20160802,68
GHCND:USC00280907,20160803,59
GHCND:USC00280907,20160804,58
GHCND:USC00280907,20160805,58
GHCND:USC00280907,20160806,61
GHCND:USC00280907,20160807,66
GHCND:USC00280907,20160808,62
GHCND:USC00280907,20160809,61
GHCND:USC00280907,20160810,61
GHCND:USC00280907,20160811,74
GHCND:USC00280907,20160812,72
GHCND:USC00280907,20160813,73
GHCND:USC00280907,20160814,74
GHCND:USC00280907,20160815,72
GHCND:USC00280907,20160816,70
GHCND:USC00280907,20160817,70
GHCND:USC00280907,20160818,69
GHCND:USC00280907,20160819,69
GHCND:USC00280907,20160820,65
GHCND:USC00280907,20160821,66
GHCND:USC00280907,20160822,66
GHCND:USC00280907,20160823,53
GHCND:USC00280907,20160824,58
GHCND:USC00280907,20160825,61
GHCND:USC00280907,20160826,62
GHCND:USC00280907,20160827,64
GHCND:USC00280907,20160828,61
GHCND:USC00280907,20160829,68
GHCND:USC00280907,20160830,62
GHCND:USC00280907,20160831,62
GHCND:USC00280907,20160901,69
GHCND:USC00280907,20160902,62
GHCND:USC00280907,20160903,61
GHCND:USC00280907,20160904,58
GHCND:USC00280907,20160905,59
GHCND:USC00280907,20160906,59
GHCND:USC00280907,20160907,69
GHCND:USC00280907,20160908,65
GHCND:USC00280907,20160909,65
GHCND:USC00280907,20160910,71
GHCND:USC00280907,20160911,72
GHCND:USC00280907,20160912,50
GHCND:USC00280907,20160913,50
GHCND:USC00280907,20160914,53
GHCND:USC00280907,20160915,56
GHCND:USC00280907,20160916,49
GHCND:USC00280907,20160917,49
GHCND:USC00280907,20160918,49
GHCND:USC00280907,20160919,67
GHCND:USC00280907,20160920,63
GHCND:USC00280907,20160921,61
GHCND:USC00280907,20160922,54
GHCND:USC00280907,20160923,51
GHCND:USC00280907,20160924,51
GHCND:USC00280907,20160925,46
GHCND:USC00280907,20160926,42
GHCND:USC00280907,20160927,43
GHCND:USC00280907,20160928,47
GHCND:USC00280907,20160929,47
GHCND:USC00280907,20160930,53
GHCND:USC00280907,20161001,52
GHCND:USC00280907,20161002,54
GHCND:USC00280907,20161003,55
GHCND:USC00280907,20161004,58
GHCND:USC00280907,20161005,57
GHCND:USC00280907,20161006,45
GHCND:USC00280907,20161007,44
GHCND:USC00280907,20161008,46
GHCND:USC00280907,20161009,50
GHCND:USC00280907,20161010,45
GHCND:USC00280907,20161011,37
GHCND:USC00280907,20161012,37
GHCND:USC00280907,20161013,40
GHCND:USC00280907,20161014,41
GHCND:USC00280907,20161015,34
GHCND:USC00280907,20161016,33
GHCND:USC00280907,20161017,38
GHCND:USC00280907,20161018,56
GHCND:USC00280907,20161019,56
GHCND:USC00280907,20161020,23
GHCND:USC00280907,20161021,57
GHCND:USC00280907,20161022,49
GHCND:USC00280907,20161023,44
GHCND:USC00280907,20161024,44
GHCND:USC00280907,20161025,39
GHCND:USC00280907,20161026,32
GHCND:USC00280907,20161027,33
GHCND:USC00280907,20161028,35
GHCND:USC00280907,20161029,33
GHCND:USC00280907,20161030,34
GHCND:USC00280907,20161031,43
GHCND:USC00280907,20161101,31
GHCND:USC00280907,20161102,31
GHCND:USC00280907,20161103,45
GHCND:USC00280907,20161104,50
GHCND:USC00280907,20161105,38
GHCND:USC00280907,20161106,38
GHCND:USC00280907,20161107,35
GHCND:USC00280907,20161108,30
GHCND:USC00280907,20161109,30
GHCND:USC00280907,20161110,38
GHCND:USC00280907,20161111,39
GHCND:USC00280907,20161112,34
GHCND:USC00280907,20161113,27
GHCND:USC00280907,20161114,27
GHCND:USC00280907,20161115,30
GHCND:USC00280907,20161116,44
GHCND:USC00280907,20161117,43
GHCND:USC00280907,20161118,34
GHCND:USC00280907,20161119,34
GHCND:USC00280907,20161120,34
GHCND:USC00280907,20161121,35
GHCND:USC00280907,20161122,36
GHCND:USC00280907,20161123,33
GHCND:USC00280907,20161124,32
GHCND:USC00280907,20161125,34
GHCND:USC00280907,20161126,38
GHCND:USC00280907,20161127,35
GHCND:USC00280907,20161128,26
GHCND:USC00280907,20161129,26
GHCND:USC00280907,20161130,44
GHCND:USC00280907,20161201,45
GHCND:USC00280907,20161202,34
GHCND:USC00280907,20161203,38
GHCND:USC00280907,20161204,33
GHCND:USC00280907,20161205,32
GHCND:USC00280907,20161206,28
GHCND:USC00280907,20161207,26
GHCND:USC00280907,20161208,30
GHCND:USC00280907,20161209,30
GHCND:USC00280907,20161210,22
GHCND:USC00280907,20161211,23
GHCND:USC00280907,20161212,23
GHCND:USC00280907,20161213,23
GHCND:USC00280907,20161214,26
GHCND:USC00280907,20161215,25
GHCND:USC00280907,20161216,14
GHCND:USC00280907,20161217,14
GHCND:USC00280907,20161218,22
GHCND:USC00280907,20161219,22
GHCND:USC00280907,20161220,11
GHCND:USC00280907,20161221,10
GHCND:USC00280907,20161222,19
GHCND:USC00280907,20161223,30
GHCND:USC00280907,20161224,25
GHCND:USC00280907,20161225,34
GHCND:USC00280907,20161226,27
GHCND:USC00280907,20161227,29
GHCND:USC00280907,20161228,30
GHCND:USC00280907,20161229,25
GHCND:USC00280907,20161230,29
GHCND:USC00280907,20161231,27
GHCND:USC00280907,20170101,27
GHCND:USC00280907,20170102,27
GHCND:USC00280907,20170103,33
GHCND:USC00280907,20170104,36
GHCND:USC00280907,20170105,25
GHCND:USC00280907,20170106,24
GHCND:USC00280907,20170107,21
GHCND:USC00280907,20170108,16
GHCND:USC00280907,20170109,6
GHCND:USC00280907,20170110,6
GHCND:USC00280907,20170111,10
GHCND:USC00280907,20170112,37
GHCND:USC00280907,20170113,47
GHCND:USC00280907,20170114,25
GHCND:USC00280907,20170115,24
GHCND:USC00280907,20170116,18
GHCND:USC00280907,20170117,19
GHCND:USC00280907,20170118,35
GHCND:USC00280907,20170119,32
GHCND:USC00280907,20170120,32
GHCND:USC00280907,20170121,35
GHCND:USC00280907,20170122,38
GHCND:USC00280907,20170123,41
GHCND:USC00280907,20170124,33
GHCND:USC00280907,20170125,34
GHCND:USC00280907,20170126,36
GHCND:USC00280907,20170127,38
GHCND:USC00280907,20170128,33
GHCND:USC00280907,20170129,30
GHCND:USC00280907,20170130,27
GHCND:USC00280907,20170131,21
GHCND:USC00280907,20170201,21
GHCND:USC00280907,20170202,27
GHCND:USC00280907,20170203,23
GHCND:USC00280907,20170204,19
GHCND:USC00280907,20170205,19
GHCND:USC00280907,20170206,26
GHCND:USC00280907,20170207,29
GHCND:USC00280907,20170208,33
GHCND:USC00280907,20170209,28
GHCND:USC00280907,20170210,17
GHCND:USC00280907,20170211,19
GHCND:USC00280907,20170212,27
GHCND:USC00280907,20170213,28
GHCND:USC00280907,20170214,26
GHCND:USC00280907,20170215,24
GHCND:USC00280907,20170216,24
GHCND:USC00280907,20170217,25
GHCND:USC00280907,20170218,25
GHCND:USC00280907,20170219,26
GHCND:USC00280907,20170220,37
GHCND:USC00280907,20170221,25
GHCND:USC00280907,20170222,27
GHCND:USC00280907,20170223,35
GHCND:USC00280907,20170224,35
GHCND:USC00280907,20170225,45
GHCND:USC00280907,20170226,35
GHCND:USC00280907,20170227,24
GHCND:USC00280907,20170228,24
GHCND:USC00280907,20170301,38
GHCND:USC00280907,20170302,45
GHCND:USC00280907,20170303,27
GHCND:USC00280907,20170304,19
GHCND:USC00280907,20170305,11
GHCND:USC00280907,20170306,14
GHCND:USC00280907,20170307,20
GHCND:USC00280907,20170308,36
GHCND:USC00280907,20170309,45
GHCND:USC00280907,20170310,32
GHCND:USC00280907,20170311,16
GHCND:USC00280907,20170312,16
GHCND:USC00280907,20170313,15
GHCND:USC00280907,20170315,18
GHCND:USC00280907,20170316,18
GHCND:USC00280907,20170317,23
GHCND:USC00280907,20170318,23
GHCND:USC00280907,20170319,26
GHCND:USC00280907,20170320,25
GHCND:USC00280907,20170321,25
GHCND:USC00280907,20170322,36
GHCND:USC00280907,20170323,21
GHCND:USC00280907,20170324,21
GHCND:USC00280907,20170325,28
GHCND:USC00280907,20170326,37
GHCND:USC00280907,20170327,37
GHCND:USC00280907,20170328,37
GHCND:USC00280907,20170329,43
GHCND:USC00280907,20170330,31
GHCND:USC00280907,20170331,30
GHCND:USC00280907,20170401,36
GHCND:USC00280907,20170402,35
GHCND:USC00280907,20170403,36
GHCND:USC00280907,20170405,46
GHCND:USC00280907,20170406,41
GHCND:USC00280907,20170407,39
GHCND:USC00280907,20170408,38
GHCND:USC00280907,20170409,30
GHCND:USC00280907,20170410,30
GHCND:USC00280907,20170411,41
GHCND:USC00280907,20170412,53
GHCND:USC00280907,20170413,46
GHCND:USC00280907,20170414,40
GHCND:USC00280907,20170415,38
GHCND:USC00280907,20170416,50
GHCND:USC00280907,20170417,61
GHCND:USC00280907,20170418,47
GHCND:USC00280907,20170419,43
GHCND:USC00280907,20170420,43
GHCND:USC00282768,20100310,32
GHCND:USC00282768,20100312,41
GHCND:USC00282768,20100325,37
GHCND:USW00014732,20100101,32
GHCND:USW00014732,20100106,27
GHCND:USW00014732,20100205,31
GHCND:USW00014732,20100222,30
GHCND:USW00014732,20100223,35
GHCND:USW00014732,20100226,27
GHCND:USW00014732,20100406,53
GHCND:USW00014732,20100502,65
GHCND:USW00014732,20100918,62
GHCND:USW00014732,20101109,43
GHCND:USW00014732,20110501,50
GHCND:USW00014732,20110515,56
GHCND:USW00014732,20110609,70
GHCND:USW00014732,20110814,67
GHCND:USW00014732,20110815,69
GHCND:USW00014732,20110828,66
GHCND:USW00014732,20111109,49
GHCND:USW00014732,20120109,32
GHCND:USW00014732,20120119,20
GHCND:USW00014732,20120611,65
GHCND:USW00014732,20120825,71
GHCND:USW00014732,20121118,40
GHCND:USW00014732,20121218,44
GHCND:USW00014732,20130211,34
GHCND:USW00014732,20130315,31
GHCND:USW00014732,20130323,35
GHCND:USW00014732,20130324,34
GHCND:USW00014732,20130406,37
GHCND:USW00014732,20130605,59
GHCND:USW00014732,20131204,39
GHCND:USW00014732,20140211,18
GHCND:USW00014732,20140212,14
GHCND:USW00014732,20140213,24
GHCND:USW00014732,20140214,31
GHCND:USW00014732,20140215,28
GHCND:USW00014732,20140216,22
GHCND:USW00014732,20140217,19
GHCND:USW00014732,20140218,25
GHCND:USW00014732,20140219,28
GHCND:USW00014732,20140220,35
GHCND:USW00014732,20140221,34
GHCND:USW00014732,20140222,38
GHCND:USW00014732,20140223,39
GHCND:USW00014732,20140224,27
GHCND:USW00014732,20140225,24
GHCND:USW00014732,20140226,21
GHCND:USW00014732,20140227,15
GHCND:USW00014732,20140228,10
GHCND:USW00014732,20140301,21
GHCND:USW00014732,20140302,32
GHCND:USW00014732,20140303,19
GHCND:USW00014732,20140304,13
GHCND:USW00014732,20140305,26
GHCND:USW00014732,20140306,16
GHCND:USW00014732,20140307,26
GHCND:USW00014732,20140308,35
GHCND:USW00014732,20140309,35
GHCND:USW00014732,20140310,37
GHCND:USW00014732,20140311,45
GHCND:USW00014732,20140312,33
GHCND:USW00014732,20140313,19
GHCND:USW00014732,20140314,22
GHCND:USW00014732,20140315,40
GHCND:USW00014732,20140316,30
GHCND:USW00014732,20140317,23
GHCND:USW00014732,20140318,27
GHCND:USW00014732,20150921,59
GHCND:USW00014732,20160123,25
GHCND:USW00014732,20160128,29
GHCND:USW00014732,20170314,24
GHCND:USW00014732,20170404,45